status,access_available,status_reason,reviewer,review_date,app_id,app,category,field,first_pass_value,current_verified_value,human_checklist,public_verification_reason_or_limit,evidence_urls,evidence_titles,candidate_identity_context_only_urls,human_result,correction,review_notes
HUMAN VERIFICATION NOT POSSIBLE,NO,No authorized vendor tenant/credentials and no human reviewer with access were provided in the workspace. This row was not manually checked; public-source verification is not an account/tenant test.,,,22,Twilio,Communications and Messaging,auth_methods,"[""API key"", ""Basic""]","[""API key"", ""Basic""]","[""Review the current first-party authentication page for the exact API/version and compare each documented method with the normalized value; public docs alone do not prove tenant policy."", ""Where the claim depends on org policy or OAuth-client enablement, confirm with an authorized administrator without creating or exposing a secret."", ""Record any missing/unsupported method and a non-sensitive official source or admin confirmation.""]",Direct first-party source inspection supports the recorded value; product-specific account entitlement was not tested.,https://www.twilio.com/docs/usage/requests-to-twilio ; https://www.twilio.com/docs/usage/tutorials/how-to-use-your-free-trial-account,Twilio API requests | Twilio ; Get started with your Twilio free trial account | Twilio,,,,
HUMAN VERIFICATION NOT POSSIBLE,NO,No authorized vendor tenant/credentials and no human reviewer with access were provided in the workspace. This row was not manually checked; public-source verification is not an account/tenant test.,,,22,Twilio,Communications and Messaging,self_serve_status,"""SELF_SERVE_WITH_RESTRICTIONS""","""SELF_SERVE_WITH_RESTRICTIONS""","[""Confirm the current signup/trial/plan route for the intended product and region using an authorized account."", ""Check whether payment, identity verification, admin approval, partner review, a paid tier, or sales contact is required for the specific access path."", ""Distinguish product signup from API/MCP feature entitlement; record the account-specific result without payment or account changes unless authorized.""]",Direct first-party source inspection supports the recorded value; product-specific account entitlement was not tested.,https://www.twilio.com/docs/usage/tutorials/how-to-use-your-free-trial-account,Get started with your Twilio free trial account | Twilio,,,,
HUMAN VERIFICATION NOT POSSIBLE,NO,No authorized vendor tenant/credentials and no human reviewer with access were provided in the workspace. This row was not manually checked; public-source verification is not an account/tenant test.,,,22,Twilio,Communications and Messaging,credential_access.status,"""RESTRICTED""","""RESTRICTED""","[""Using an authorized target tenant, identify which role can create or authorize the required credential and where that UI/flow exists."", ""Confirm scope, approval, expiry and plan gates; never copy passwords, API keys, OAuth codes or tokens into this file."", ""Record only non-sensitive role/path/outcome and the supporting page or administrator confirmation.""]",Direct first-party source inspection supports the recorded value; product-specific account entitlement was not tested.,https://www.twilio.com/docs/usage/tutorials/how-to-use-your-free-trial-account,Get started with your Twilio free trial account | Twilio,,,,
HUMAN VERIFICATION NOT POSSIBLE,NO,No authorized vendor tenant/credentials and no human reviewer with access were provided in the workspace. This row was not manually checked; public-source verification is not an account/tenant test.,,,22,Twilio,Communications and Messaging,api.available,"""YES""","""YES""","[""Confirm API enablement for the actual tenant/edition/plan and the interface used by the proposed integration."", ""Check required API roles, permissions, developer tokens, rate/access level and any regional/organization gate."", ""Do not infer tenant API access from a public reference or signup page; retain UNKNOWN if the check is unavailable.""]",Direct first-party source inspection supports the recorded value; product-specific account entitlement was not tested.,https://www.twilio.com/docs/usage/requests-to-twilio,Twilio API requests | Twilio,,,,
HUMAN VERIFICATION NOT POSSIBLE,NO,No authorized vendor tenant/credentials and no human reviewer with access were provided in the workspace. This row was not manually checked; public-source verification is not an account/tenant test.,,,22,Twilio,Communications and Messaging,mcp.status,"""AVAILABLE""","""AVAILABLE""","[""Confirm a product-specific first-party MCP endpoint/setup guide and the target account's plan, OAuth/client, admin and tool prerequisites."", ""If availability is unknown, check first-party developer/support/repository sources and obtain an authorized product owner confirmation; an empty search is not proof of NO."", ""Test only with an authorized tenant, least privilege and non-production data; record endpoint/feature status, not secrets.""]",Direct first-party source inspection supports the recorded value; product-specific account entitlement was not tested.,https://www.twilio.com/docs/ai/mcp,Twilio MCP server | Twilio,,,,
HUMAN VERIFICATION NOT POSSIBLE,NO,No authorized vendor tenant/credentials and no human reviewer with access were provided in the workspace. This row was not manually checked; public-source verification is not an account/tenant test.,,,22,Twilio,Communications and Messaging,buildability.verdict,"""BUILDABLE_WITH_CONSTRAINTS""","""BUILDABLE_WITH_CONSTRAINTS""","[""Re-evaluate the proposed integration against the actual tenant's API, auth, role, plan, approval, policy and operational constraints."", ""For local tooling, follow the first-party install/runtime steps in a clean, authorized environment; do not claim a build/test unless executed."", ""Record any changed blocker and evidence; do not equate public documentation with a successful tenant or package test.""]",Direct first-party source inspection supports the recorded value; product-specific account entitlement was not tested.,https://www.twilio.com/docs/ai/mcp,Twilio MCP server | Twilio,,,,
HUMAN VERIFICATION NOT POSSIBLE,NO,"Product identity is unresolved and no authorized account/reviewer is available. Do not select Paygent Japan, NMI, or another candidate by guess; all product-specific values remain UNKNOWN.",,,84,Paygent Connect,Finance and Fintech,auth_methods,[],[],"[""First identify the manifest's exact Paygent Connect product with the user or a first-party identity link. Candidate Paygent/NMI URLs below are identity context only, not evidence attributed to this app."", ""Review the current first-party authentication page for the exact API/version and compare each documented method with the normalized value; public docs alone do not prove tenant policy."", ""Where the claim depends on org policy or OAuth-client enablement, confirm with an authorized administrator without creating or exposing a secret."", ""Record any missing/unsupported method and a non-sensitive official source or admin confirmation.""]",The manifest identity is unresolved. Public search and opened Paygent Japan/NMI first-party pages do not establish which product 'Paygent Connect' denotes. Keep every product-specific critical field UNKNOWN; candidate-product evidence is context only.,,,https://www.paygent.co.jp/ ; https://secure.networkmerchants.com/gw/merchants/resources/integration/integration_portal.php,,,
HUMAN VERIFICATION NOT POSSIBLE,NO,"Product identity is unresolved and no authorized account/reviewer is available. Do not select Paygent Japan, NMI, or another candidate by guess; all product-specific values remain UNKNOWN.",,,84,Paygent Connect,Finance and Fintech,self_serve_status,"""UNKNOWN""","""UNKNOWN""","[""First identify the manifest's exact Paygent Connect product with the user or a first-party identity link. Candidate Paygent/NMI URLs below are identity context only, not evidence attributed to this app."", ""Confirm the current signup/trial/plan route for the intended product and region using an authorized account."", ""Check whether payment, identity verification, admin approval, partner review, a paid tier, or sales contact is required for the specific access path."", ""Distinguish product signup from API/MCP feature entitlement; record the account-specific result without payment or account changes unless authorized.""]",The manifest identity is unresolved. Public search and opened Paygent Japan/NMI first-party pages do not establish which product 'Paygent Connect' denotes. Keep every product-specific critical field UNKNOWN; candidate-product evidence is context only.,,,https://www.paygent.co.jp/ ; https://secure.networkmerchants.com/gw/merchants/resources/integration/integration_portal.php,,,
HUMAN VERIFICATION NOT POSSIBLE,NO,"Product identity is unresolved and no authorized account/reviewer is available. Do not select Paygent Japan, NMI, or another candidate by guess; all product-specific values remain UNKNOWN.",,,84,Paygent Connect,Finance and Fintech,credential_access.status,"""UNKNOWN""","""UNKNOWN""","[""First identify the manifest's exact Paygent Connect product with the user or a first-party identity link. Candidate Paygent/NMI URLs below are identity context only, not evidence attributed to this app."", ""Using an authorized target tenant, identify which role can create or authorize the required credential and where that UI/flow exists."", ""Confirm scope, approval, expiry and plan gates; never copy passwords, API keys, OAuth codes or tokens into this file."", ""Record only non-sensitive role/path/outcome and the supporting page or administrator confirmation.""]",The manifest identity is unresolved. Public search and opened Paygent Japan/NMI first-party pages do not establish which product 'Paygent Connect' denotes. Keep every product-specific critical field UNKNOWN; candidate-product evidence is context only.,,,https://www.paygent.co.jp/ ; https://secure.networkmerchants.com/gw/merchants/resources/integration/integration_portal.php,,,
HUMAN VERIFICATION NOT POSSIBLE,NO,"Product identity is unresolved and no authorized account/reviewer is available. Do not select Paygent Japan, NMI, or another candidate by guess; all product-specific values remain UNKNOWN.",,,84,Paygent Connect,Finance and Fintech,api.available,"""UNKNOWN""","""UNKNOWN""","[""First identify the manifest's exact Paygent Connect product with the user or a first-party identity link. Candidate Paygent/NMI URLs below are identity context only, not evidence attributed to this app."", ""Confirm API enablement for the actual tenant/edition/plan and the interface used by the proposed integration."", ""Check required API roles, permissions, developer tokens, rate/access level and any regional/organization gate."", ""Do not infer tenant API access from a public reference or signup page; retain UNKNOWN if the check is unavailable.""]",The manifest identity is unresolved. Public search and opened Paygent Japan/NMI first-party pages do not establish which product 'Paygent Connect' denotes. Keep every product-specific critical field UNKNOWN; candidate-product evidence is context only.,,,https://www.paygent.co.jp/ ; https://secure.networkmerchants.com/gw/merchants/resources/integration/integration_portal.php,,,
HUMAN VERIFICATION NOT POSSIBLE,NO,"Product identity is unresolved and no authorized account/reviewer is available. Do not select Paygent Japan, NMI, or another candidate by guess; all product-specific values remain UNKNOWN.",,,84,Paygent Connect,Finance and Fintech,mcp.status,"""UNKNOWN""","""UNKNOWN""","[""First identify the manifest's exact Paygent Connect product with the user or a first-party identity link. Candidate Paygent/NMI URLs below are identity context only, not evidence attributed to this app."", ""Confirm a product-specific first-party MCP endpoint/setup guide and the target account's plan, OAuth/client, admin and tool prerequisites."", ""If availability is unknown, check first-party developer/support/repository sources and obtain an authorized product owner confirmation; an empty search is not proof of NO."", ""Test only with an authorized tenant, least privilege and non-production data; record endpoint/feature status, not secrets.""]",The manifest identity is unresolved. Public search and opened Paygent Japan/NMI first-party pages do not establish which product 'Paygent Connect' denotes. Keep every product-specific critical field UNKNOWN; candidate-product evidence is context only.,,,https://www.paygent.co.jp/ ; https://secure.networkmerchants.com/gw/merchants/resources/integration/integration_portal.php,,,
HUMAN VERIFICATION NOT POSSIBLE,NO,"Product identity is unresolved and no authorized account/reviewer is available. Do not select Paygent Japan, NMI, or another candidate by guess; all product-specific values remain UNKNOWN.",,,84,Paygent Connect,Finance and Fintech,buildability.verdict,"""UNKNOWN""","""UNKNOWN""","[""First identify the manifest's exact Paygent Connect product with the user or a first-party identity link. Candidate Paygent/NMI URLs below are identity context only, not evidence attributed to this app."", ""Re-evaluate the proposed integration against the actual tenant's API, auth, role, plan, approval, policy and operational constraints."", ""For local tooling, follow the first-party install/runtime steps in a clean, authorized environment; do not claim a build/test unless executed."", ""Record any changed blocker and evidence; do not equate public documentation with a successful tenant or package test.""]",The manifest identity is unresolved. Public search and opened Paygent Japan/NMI first-party pages do not establish which product 'Paygent Connect' denotes. Keep every product-specific critical field UNKNOWN; candidate-product evidence is context only.,,,https://www.paygent.co.jp/ ; https://secure.networkmerchants.com/gw/merchants/resources/integration/integration_portal.php,,,
HUMAN VERIFICATION NOT POSSIBLE,NO,No authorized vendor tenant/credentials and no human reviewer with access were provided in the workspace. This row was not manually checked; public-source verification is not an account/tenant test.,,,49,Amazon Selling Partner,Ecommerce,auth_methods,"[""OAuth 2.0"", ""Bearer/token""]","[""OAuth 2.0"", ""Bearer/token""]","[""Review the current first-party authentication page for the exact API/version and compare each documented method with the normalized value; public docs alone do not prove tenant policy."", ""Where the claim depends on org policy or OAuth-client enablement, confirm with an authorized administrator without creating or exposing a secret."", ""Record any missing/unsupported method and a non-sensitive official source or admin confirmation.""]",Direct first-party source inspection supports the recorded value; product-specific account entitlement was not tested.,https://developer-docs.amazon.com/sp-api/docs/authorize-public-applications,Authorize Public Applications,,,,
HUMAN VERIFICATION NOT POSSIBLE,NO,No authorized vendor tenant/credentials and no human reviewer with access were provided in the workspace. This row was not manually checked; public-source verification is not an account/tenant test.,,,49,Amazon Selling Partner,Ecommerce,self_serve_status,"""PARTNER_OR_CONTACT_SALES""","""PARTNER_OR_CONTACT_SALES""","[""Confirm the current signup/trial/plan route for the intended product and region using an authorized account."", ""Check whether payment, identity verification, admin approval, partner review, a paid tier, or sales contact is required for the specific access path."", ""Distinguish product signup from API/MCP feature entitlement; record the account-specific result without payment or account changes unless authorized.""]",Direct first-party source inspection supports the recorded value; product-specific account entitlement was not tested.,https://developer-docs.amazon.com/sp-api/docs/register-as-a-public-developer,Register as a Public SP-API Developer,,,,
HUMAN VERIFICATION NOT POSSIBLE,NO,No authorized vendor tenant/credentials and no human reviewer with access were provided in the workspace. This row was not manually checked; public-source verification is not an account/tenant test.,,,49,Amazon Selling Partner,Ecommerce,credential_access.status,"""GATED""","""GATED""","[""Using an authorized target tenant, identify which role can create or authorize the required credential and where that UI/flow exists."", ""Confirm scope, approval, expiry and plan gates; never copy passwords, API keys, OAuth codes or tokens into this file."", ""Record only non-sensitive role/path/outcome and the supporting page or administrator confirmation.""]",Direct first-party source inspection supports the recorded value; product-specific account entitlement was not tested.,https://developer-docs.amazon.com/sp-api/docs/register-as-a-public-developer,Register as a Public SP-API Developer,,,,
HUMAN VERIFICATION NOT POSSIBLE,NO,No authorized vendor tenant/credentials and no human reviewer with access were provided in the workspace. This row was not manually checked; public-source verification is not an account/tenant test.,,,49,Amazon Selling Partner,Ecommerce,api.available,"""YES""","""YES""","[""Confirm API enablement for the actual tenant/edition/plan and the interface used by the proposed integration."", ""Check required API roles, permissions, developer tokens, rate/access level and any regional/organization gate."", ""Do not infer tenant API access from a public reference or signup page; retain UNKNOWN if the check is unavailable.""]",Direct first-party source inspection supports the recorded value; product-specific account entitlement was not tested.,https://developer-docs.amazon.com/sp-api/docs/onboarding-overview,Onboarding as a Developer,,,,
HUMAN VERIFICATION NOT POSSIBLE,NO,No authorized vendor tenant/credentials and no human reviewer with access were provided in the workspace. This row was not manually checked; public-source verification is not an account/tenant test.,,,49,Amazon Selling Partner,Ecommerce,mcp.status,"""UNKNOWN""","""AVAILABLE""","[""Confirm a product-specific first-party MCP endpoint/setup guide and the target account's plan, OAuth/client, admin and tool prerequisites."", ""If availability is unknown, check first-party developer/support/repository sources and obtain an authorized product owner confirmation; an empty search is not proof of NO."", ""Test only with an authorized tenant, least privilege and non-production data; record endpoint/feature status, not secrets.""]","Amazon's own repository directly documents a Local MCP for SP-API educational example. This establishes a first-party local MCP example, not a supported hosted Amazon MCP product; the first pass left MCP unclassified.",https://github.com/amzn/selling-partner-api-samples/blob/main/use-cases/sp-api-dev-mcp/README.md,selling-partner-api-samples/use-cases/sp-api-dev-mcp/README.md · amzn/selling-partner-api-samples,,,,
HUMAN VERIFICATION NOT POSSIBLE,NO,No authorized vendor tenant/credentials and no human reviewer with access were provided in the workspace. This row was not manually checked; public-source verification is not an account/tenant test.,,,49,Amazon Selling Partner,Ecommerce,buildability.verdict,"""OUTREACH_REQUIRED""","""OUTREACH_REQUIRED""","[""Re-evaluate the proposed integration against the actual tenant's API, auth, role, plan, approval, policy and operational constraints."", ""For local tooling, follow the first-party install/runtime steps in a clean, authorized environment; do not claim a build/test unless executed."", ""Record any changed blocker and evidence; do not equate public documentation with a successful tenant or package test.""]",Direct first-party source inspection supports the recorded value; product-specific account entitlement was not tested.,https://developer-docs.amazon.com/sp-api/docs/register-as-a-public-developer,Register as a Public SP-API Developer,,,,
HUMAN VERIFICATION NOT POSSIBLE,NO,No authorized vendor tenant/credentials and no human reviewer with access were provided in the workspace. This row was not manually checked; public-source verification is not an account/tenant test.,,,98,Mermaid CLI,"AI, Research and Media-native",auth_methods,"[""Other""]","[""Other""]","[""Review the current first-party authentication page for the exact API/version and compare each documented method with the normalized value; public docs alone do not prove tenant policy."", ""Where the claim depends on org policy or OAuth-client enablement, confirm with an authorized administrator without creating or exposing a secret."", ""Record any missing/unsupported method and a non-sensitive official source or admin confirmation.""]",Direct first-party source inspection supports the recorded value; product-specific account entitlement was not tested.,https://github.com/mermaid-js/mermaid-cli/blob/master/README.md,mermaid-js/mermaid-cli README,,,,
HUMAN VERIFICATION NOT POSSIBLE,NO,No authorized vendor tenant/credentials and no human reviewer with access were provided in the workspace. This row was not manually checked; public-source verification is not an account/tenant test.,,,98,Mermaid CLI,"AI, Research and Media-native",self_serve_status,"""SELF_SERVE""","""SELF_SERVE""","[""Confirm the current signup/trial/plan route for the intended product and region using an authorized account."", ""Check whether payment, identity verification, admin approval, partner review, a paid tier, or sales contact is required for the specific access path."", ""Distinguish product signup from API/MCP feature entitlement; record the account-specific result without payment or account changes unless authorized.""]",Direct first-party source inspection supports the recorded value; product-specific account entitlement was not tested.,https://github.com/mermaid-js/mermaid-cli/blob/master/README.md,mermaid-js/mermaid-cli README,,,,
HUMAN VERIFICATION NOT POSSIBLE,NO,No authorized vendor tenant/credentials and no human reviewer with access were provided in the workspace. This row was not manually checked; public-source verification is not an account/tenant test.,,,98,Mermaid CLI,"AI, Research and Media-native",credential_access.status,"""SELF_SERVE""","""SELF_SERVE""","[""Using an authorized target tenant, identify which role can create or authorize the required credential and where that UI/flow exists."", ""Confirm scope, approval, expiry and plan gates; never copy passwords, API keys, OAuth codes or tokens into this file."", ""Record only non-sensitive role/path/outcome and the supporting page or administrator confirmation.""]",Direct first-party source inspection supports the recorded value; product-specific account entitlement was not tested.,https://github.com/mermaid-js/mermaid-cli/blob/master/README.md,mermaid-js/mermaid-cli README,,,,
HUMAN VERIFICATION NOT POSSIBLE,NO,No authorized vendor tenant/credentials and no human reviewer with access were provided in the workspace. This row was not manually checked; public-source verification is not an account/tenant test.,,,98,Mermaid CLI,"AI, Research and Media-native",api.available,"""YES""","""YES""","[""Confirm API enablement for the actual tenant/edition/plan and the interface used by the proposed integration."", ""Check required API roles, permissions, developer tokens, rate/access level and any regional/organization gate."", ""Do not infer tenant API access from a public reference or signup page; retain UNKNOWN if the check is unavailable.""]",Direct first-party source inspection supports the recorded value; product-specific account entitlement was not tested.,https://github.com/mermaid-js/mermaid-cli/blob/master/README.md,mermaid-js/mermaid-cli README,,,,
HUMAN VERIFICATION NOT POSSIBLE,NO,No authorized vendor tenant/credentials and no human reviewer with access were provided in the workspace. This row was not manually checked; public-source verification is not an account/tenant test.,,,98,Mermaid CLI,"AI, Research and Media-native",mcp.status,"""NOT_FOUND""","""NOT_FOUND""","[""Confirm a product-specific first-party MCP endpoint/setup guide and the target account's plan, OAuth/client, admin and tool prerequisites."", ""If availability is unknown, check first-party developer/support/repository sources and obtain an authorized product owner confirmation; an empty search is not proof of NO."", ""Test only with an authorized tenant, least privilege and non-production data; record endpoint/feature status, not secrets.""]",Direct first-party source inspection supports the recorded value; product-specific account entitlement was not tested.,https://mermaid.js.org/ecosystem/integrations-community.html,Community integrations | Mermaid,,,,
HUMAN VERIFICATION NOT POSSIBLE,NO,No authorized vendor tenant/credentials and no human reviewer with access were provided in the workspace. This row was not manually checked; public-source verification is not an account/tenant test.,,,98,Mermaid CLI,"AI, Research and Media-native",buildability.verdict,"""BUILDABLE_WITH_CONSTRAINTS""","""BUILDABLE_WITH_CONSTRAINTS""","[""Re-evaluate the proposed integration against the actual tenant's API, auth, role, plan, approval, policy and operational constraints."", ""For local tooling, follow the first-party install/runtime steps in a clean, authorized environment; do not claim a build/test unless executed."", ""Record any changed blocker and evidence; do not equate public documentation with a successful tenant or package test."", ""No npm installation or Mermaid render was executed. If the local CLI verdict is in scope, install in a clean environment and render a fixture without claiming hosted API/MCP behavior.""]",Direct first-party source inspection supports the recorded value; product-specific account entitlement was not tested.,https://github.com/mermaid-js/mermaid-cli/blob/master/README.md,mermaid-js/mermaid-cli README,,,,
HUMAN VERIFICATION NOT POSSIBLE,NO,No authorized vendor tenant/credentials and no human reviewer with access were provided in the workspace. This row was not manually checked; public-source verification is not an account/tenant test.,,,4,Attio,CRM and Sales,auth_methods,"[""OAuth 2.0"", ""API key"", ""Bearer/token""]","[""OAuth 2.0"", ""API key"", ""Bearer/token"", ""Basic""]","[""Review the current first-party authentication page for the exact API/version and compare each documented method with the normalized value; public docs alone do not prove tenant policy."", ""Where the claim depends on org policy or OAuth-client enablement, confirm with an authorized administrator without creating or exposing a secret."", ""Record any missing/unsupported method and a non-sensitive official source or admin confirmation.""]","Attio's directly inspected authentication guide documents OAuth 2.0, API-key tokens, Bearer authorization and HTTP Basic with the token as username and an empty password; the first pass omitted Basic.",https://docs.attio.com/rest-api/guides/authentication,Authenticating requests - Attio Docs,,,,
HUMAN VERIFICATION NOT POSSIBLE,NO,No authorized vendor tenant/credentials and no human reviewer with access were provided in the workspace. This row was not manually checked; public-source verification is not an account/tenant test.,,,4,Attio,CRM and Sales,self_serve_status,"""ADMIN_APPROVAL_REQUIRED""","""SELF_SERVE_WITH_RESTRICTIONS""","[""Confirm the current signup/trial/plan route for the intended product and region using an authorized account."", ""Check whether payment, identity verification, admin approval, partner review, a paid tier, or sales contact is required for the specific access path."", ""Distinguish product signup from API/MCP feature entitlement; record the account-specific result without payment or account changes unless authorized.""]","Attio's Free plan and first-party hosted-MCP OAuth path establish a self-serve route, while workspace API-key creation is admin-only. The first-pass ADMIN_APPROVAL_REQUIRED label overgeneralized the API-key path.",https://attio.com/pricing ; https://docs.attio.com/mcp/overview ; https://attio.com/help/reference/apps/generating-an-api-key,Plans & Pricing | Attio ; Attio MCP - Attio Docs ; Generate an API key | Attio Help Center,,,,
HUMAN VERIFICATION NOT POSSIBLE,NO,No authorized vendor tenant/credentials and no human reviewer with access were provided in the workspace. This row was not manually checked; public-source verification is not an account/tenant test.,,,4,Attio,CRM and Sales,credential_access.status,"""RESTRICTED""","""RESTRICTED""","[""Using an authorized target tenant, identify which role can create or authorize the required credential and where that UI/flow exists."", ""Confirm scope, approval, expiry and plan gates; never copy passwords, API keys, OAuth codes or tokens into this file."", ""Record only non-sensitive role/path/outcome and the supporting page or administrator confirmation.""]",Direct first-party source inspection supports the recorded value; product-specific account entitlement was not tested.,https://attio.com/help/reference/apps/generating-an-api-key,Generate an API key | Attio Help Center,,,,
HUMAN VERIFICATION NOT POSSIBLE,NO,No authorized vendor tenant/credentials and no human reviewer with access were provided in the workspace. This row was not manually checked; public-source verification is not an account/tenant test.,,,4,Attio,CRM and Sales,api.available,"""YES""","""YES""","[""Confirm API enablement for the actual tenant/edition/plan and the interface used by the proposed integration."", ""Check required API roles, permissions, developer tokens, rate/access level and any regional/organization gate."", ""Do not infer tenant API access from a public reference or signup page; retain UNKNOWN if the check is unavailable.""]",Direct first-party source inspection supports the recorded value; product-specific account entitlement was not tested.,https://docs.attio.com/rest-api/overview,REST API overview - Attio Docs,,,,
HUMAN VERIFICATION NOT POSSIBLE,NO,No authorized vendor tenant/credentials and no human reviewer with access were provided in the workspace. This row was not manually checked; public-source verification is not an account/tenant test.,,,4,Attio,CRM and Sales,mcp.status,"""AVAILABLE""","""AVAILABLE""","[""Confirm a product-specific first-party MCP endpoint/setup guide and the target account's plan, OAuth/client, admin and tool prerequisites."", ""If availability is unknown, check first-party developer/support/repository sources and obtain an authorized product owner confirmation; an empty search is not proof of NO."", ""Test only with an authorized tenant, least privilege and non-production data; record endpoint/feature status, not secrets.""]",Direct first-party source inspection supports the recorded value; product-specific account entitlement was not tested.,https://docs.attio.com/mcp/overview,Attio MCP - Attio Docs,,,,
HUMAN VERIFICATION NOT POSSIBLE,NO,No authorized vendor tenant/credentials and no human reviewer with access were provided in the workspace. This row was not manually checked; public-source verification is not an account/tenant test.,,,4,Attio,CRM and Sales,buildability.verdict,"""BUILDABLE_WITH_CONSTRAINTS""","""BUILDABLE_WITH_CONSTRAINTS""","[""Re-evaluate the proposed integration against the actual tenant's API, auth, role, plan, approval, policy and operational constraints."", ""For local tooling, follow the first-party install/runtime steps in a clean, authorized environment; do not claim a build/test unless executed."", ""Record any changed blocker and evidence; do not equate public documentation with a successful tenant or package test.""]",Direct first-party source inspection supports the recorded value; product-specific account entitlement was not tested.,https://docs.attio.com/mcp/overview ; https://attio.com/help/reference/apps/generating-an-api-key ; https://attio.com/pricing,Attio MCP - Attio Docs ; Generate an API key | Attio Help Center ; Plans & Pricing | Attio,,,,
HUMAN VERIFICATION NOT POSSIBLE,NO,No authorized vendor tenant/credentials and no human reviewer with access were provided in the workspace. This row was not manually checked; public-source verification is not an account/tenant test.,,,13,Freshdesk,Support and Helpdesk,auth_methods,"[""API key"", ""Basic""]","[""API key"", ""Basic""]","[""Review the current first-party authentication page for the exact API/version and compare each documented method with the normalized value; public docs alone do not prove tenant policy."", ""Where the claim depends on org policy or OAuth-client enablement, confirm with an authorized administrator without creating or exposing a secret."", ""Record any missing/unsupported method and a non-sensitive official source or admin confirmation.""]",Direct first-party source inspection supports the recorded value; product-specific account entitlement was not tested.,https://developer.freshdesk.com/api/,Freshdesk API reference,,,,
HUMAN VERIFICATION NOT POSSIBLE,NO,No authorized vendor tenant/credentials and no human reviewer with access were provided in the workspace. This row was not manually checked; public-source verification is not an account/tenant test.,,,13,Freshdesk,Support and Helpdesk,self_serve_status,"""PAID_PLAN_REQUIRED""","""PAID_PLAN_REQUIRED""","[""Confirm the current signup/trial/plan route for the intended product and region using an authorized account."", ""Check whether payment, identity verification, admin approval, partner review, a paid tier, or sales contact is required for the specific access path."", ""Distinguish product signup from API/MCP feature entitlement; record the account-specific result without payment or account changes unless authorized.""]",Direct first-party source inspection supports the recorded value; product-specific account entitlement was not tested.,https://www.freshworks.com/freshdesk/pricing/ ; https://support.freshdesk.com/support/solutions/articles/215517-how-to-find-your-api-key ; https://support.freshdesk.com/support/solutions/articles/50000012670-model-context-protocol-mcp-integration-in-freshdesk,Freshdesk Customer Support Software Pricing & Plans | Freshworks ; How To Find Your API Key : Freshdesk Support ; Model Context Protocol (MCP) integration in Freshdesk : Freshdesk Support,,,,
HUMAN VERIFICATION NOT POSSIBLE,NO,No authorized vendor tenant/credentials and no human reviewer with access were provided in the workspace. This row was not manually checked; public-source verification is not an account/tenant test.,,,13,Freshdesk,Support and Helpdesk,credential_access.status,"""RESTRICTED""","""RESTRICTED""","[""Using an authorized target tenant, identify which role can create or authorize the required credential and where that UI/flow exists."", ""Confirm scope, approval, expiry and plan gates; never copy passwords, API keys, OAuth codes or tokens into this file."", ""Record only non-sensitive role/path/outcome and the supporting page or administrator confirmation.""]",Direct first-party source inspection supports the recorded value; product-specific account entitlement was not tested.,https://support.freshdesk.com/support/solutions/articles/215517-how-to-find-your-api-key,How To Find Your API Key : Freshdesk Support,,,,
HUMAN VERIFICATION NOT POSSIBLE,NO,No authorized vendor tenant/credentials and no human reviewer with access were provided in the workspace. This row was not manually checked; public-source verification is not an account/tenant test.,,,13,Freshdesk,Support and Helpdesk,api.available,"""YES""","""YES""","[""Confirm API enablement for the actual tenant/edition/plan and the interface used by the proposed integration."", ""Check required API roles, permissions, developer tokens, rate/access level and any regional/organization gate."", ""Do not infer tenant API access from a public reference or signup page; retain UNKNOWN if the check is unavailable.""]",Direct first-party source inspection supports the recorded value; product-specific account entitlement was not tested.,https://developer.freshdesk.com/api/,Freshdesk API reference,,,,
HUMAN VERIFICATION NOT POSSIBLE,NO,No authorized vendor tenant/credentials and no human reviewer with access were provided in the workspace. This row was not manually checked; public-source verification is not an account/tenant test.,,,13,Freshdesk,Support and Helpdesk,mcp.status,"""AVAILABLE""","""AVAILABLE""","[""Confirm a product-specific first-party MCP endpoint/setup guide and the target account's plan, OAuth/client, admin and tool prerequisites."", ""If availability is unknown, check first-party developer/support/repository sources and obtain an authorized product owner confirmation; an empty search is not proof of NO."", ""Test only with an authorized tenant, least privilege and non-production data; record endpoint/feature status, not secrets.""]",Direct first-party source inspection supports the recorded value; product-specific account entitlement was not tested.,https://support.freshdesk.com/support/solutions/articles/50000012670-model-context-protocol-mcp-integration-in-freshdesk,Model Context Protocol (MCP) integration in Freshdesk : Freshdesk Support,,,,
HUMAN VERIFICATION NOT POSSIBLE,NO,No authorized vendor tenant/credentials and no human reviewer with access were provided in the workspace. This row was not manually checked; public-source verification is not an account/tenant test.,,,13,Freshdesk,Support and Helpdesk,buildability.verdict,"""BUILDABLE_WITH_CONSTRAINTS""","""BUILDABLE_WITH_CONSTRAINTS""","[""Re-evaluate the proposed integration against the actual tenant's API, auth, role, plan, approval, policy and operational constraints."", ""For local tooling, follow the first-party install/runtime steps in a clean, authorized environment; do not claim a build/test unless executed."", ""Record any changed blocker and evidence; do not equate public documentation with a successful tenant or package test.""]",Direct first-party source inspection supports the recorded value; product-specific account entitlement was not tested.,https://support.freshdesk.com/support/solutions/articles/50000012670-model-context-protocol-mcp-integration-in-freshdesk ; https://developer.freshdesk.com/api/ ; https://www.freshworks.com/freshdesk/pricing/,Model Context Protocol (MCP) integration in Freshdesk : Freshdesk Support ; Freshdesk API reference ; Freshdesk Customer Support Software Pricing & Plans | Freshworks,,,,
HUMAN VERIFICATION NOT POSSIBLE,NO,No authorized vendor tenant/credentials and no human reviewer with access were provided in the workspace. This row was not manually checked; public-source verification is not an account/tenant test.,,,31,Google Ads,"Marketing, Ads, Email and Social",auth_methods,"[""OAuth 2.0"", ""Service account""]","[""OAuth 2.0"", ""Service account""]","[""Review the current first-party authentication page for the exact API/version and compare each documented method with the normalized value; public docs alone do not prove tenant policy."", ""Where the claim depends on org policy or OAuth-client enablement, confirm with an authorized administrator without creating or exposing a secret."", ""Record any missing/unsupported method and a non-sensitive official source or admin confirmation.""]",Direct first-party source inspection supports the recorded value; product-specific account entitlement was not tested.,https://developers.google.com/google-ads/api/docs/get-started/make-first-call,Quick start | Google Ads API | Google for Developers,,,,
HUMAN VERIFICATION NOT POSSIBLE,NO,No authorized vendor tenant/credentials and no human reviewer with access were provided in the workspace. This row was not manually checked; public-source verification is not an account/tenant test.,,,31,Google Ads,"Marketing, Ads, Email and Social",self_serve_status,"""SELF_SERVE_WITH_RESTRICTIONS""","""SELF_SERVE_WITH_RESTRICTIONS""","[""Confirm the current signup/trial/plan route for the intended product and region using an authorized account."", ""Check whether payment, identity verification, admin approval, partner review, a paid tier, or sales contact is required for the specific access path."", ""Distinguish product signup from API/MCP feature entitlement; record the account-specific result without payment or account changes unless authorized.""]",Direct first-party source inspection supports the recorded value; product-specific account entitlement was not tested.,https://developers.google.com/google-ads/api/docs/api-policy/access-levels ; https://developers.google.com/google-ads/api/docs/get-started/make-first-call,Google Ads API access levels ; Quick start | Google Ads API | Google for Developers,,,,
HUMAN VERIFICATION NOT POSSIBLE,NO,No authorized vendor tenant/credentials and no human reviewer with access were provided in the workspace. This row was not manually checked; public-source verification is not an account/tenant test.,,,31,Google Ads,"Marketing, Ads, Email and Social",credential_access.status,"""RESTRICTED""","""RESTRICTED""","[""Using an authorized target tenant, identify which role can create or authorize the required credential and where that UI/flow exists."", ""Confirm scope, approval, expiry and plan gates; never copy passwords, API keys, OAuth codes or tokens into this file."", ""Record only non-sensitive role/path/outcome and the supporting page or administrator confirmation.""]",Direct first-party source inspection supports the recorded value; product-specific account entitlement was not tested.,https://developers.google.com/google-ads/api/docs/api-policy/access-levels,Google Ads API access levels,,,,
HUMAN VERIFICATION NOT POSSIBLE,NO,No authorized vendor tenant/credentials and no human reviewer with access were provided in the workspace. This row was not manually checked; public-source verification is not an account/tenant test.,,,31,Google Ads,"Marketing, Ads, Email and Social",api.available,"""YES""","""YES""","[""Confirm API enablement for the actual tenant/edition/plan and the interface used by the proposed integration."", ""Check required API roles, permissions, developer tokens, rate/access level and any regional/organization gate."", ""Do not infer tenant API access from a public reference or signup page; retain UNKNOWN if the check is unavailable.""]",Direct first-party source inspection supports the recorded value; product-specific account entitlement was not tested.,https://developers.google.com/google-ads/api/docs/get-started/make-first-call,Quick start | Google Ads API | Google for Developers,,,,
HUMAN VERIFICATION NOT POSSIBLE,NO,No authorized vendor tenant/credentials and no human reviewer with access were provided in the workspace. This row was not manually checked; public-source verification is not an account/tenant test.,,,31,Google Ads,"Marketing, Ads, Email and Social",mcp.status,"""AVAILABLE""","""AVAILABLE""","[""Confirm a product-specific first-party MCP endpoint/setup guide and the target account's plan, OAuth/client, admin and tool prerequisites."", ""If availability is unknown, check first-party developer/support/repository sources and obtain an authorized product owner confirmation; an empty search is not proof of NO."", ""Test only with an authorized tenant, least privilege and non-production data; record endpoint/feature status, not secrets.""]",Direct first-party source inspection supports the recorded value; product-specific account entitlement was not tested.,https://developers.google.com/google-ads/api/docs/developer-toolkit/mcp-server,Google Ads MCP server: Developer integration guide | Google Ads API | Google for Developers,,,,
HUMAN VERIFICATION NOT POSSIBLE,NO,No authorized vendor tenant/credentials and no human reviewer with access were provided in the workspace. This row was not manually checked; public-source verification is not an account/tenant test.,,,31,Google Ads,"Marketing, Ads, Email and Social",buildability.verdict,"""BUILDABLE_WITH_CONSTRAINTS""","""BUILDABLE_WITH_CONSTRAINTS""","[""Re-evaluate the proposed integration against the actual tenant's API, auth, role, plan, approval, policy and operational constraints."", ""For local tooling, follow the first-party install/runtime steps in a clean, authorized environment; do not claim a build/test unless executed."", ""Record any changed blocker and evidence; do not equate public documentation with a successful tenant or package test.""]",Direct first-party source inspection supports the recorded value; product-specific account entitlement was not tested.,https://developers.google.com/google-ads/api/docs/api-policy/access-levels ; https://developers.google.com/google-ads/api/docs/developer-toolkit/mcp-server ; https://developers.google.com/google-ads/api/docs/get-started/make-first-call,Google Ads API access levels ; Google Ads MCP server: Developer integration guide | Google Ads API | Google for Developers ; Quick start | Google Ads API | Google for Developers,,,,
HUMAN VERIFICATION NOT POSSIBLE,NO,No authorized vendor tenant/credentials and no human reviewer with access were provided in the workspace. This row was not manually checked; public-source verification is not an account/tenant test.,,,78,Coda,Productivity and Project Management,auth_methods,"[""OAuth 2.0"", ""API key"", ""Bearer/token""]","[""OAuth 2.0"", ""API key"", ""Bearer/token""]","[""Review the current first-party authentication page for the exact API/version and compare each documented method with the normalized value; public docs alone do not prove tenant policy."", ""Where the claim depends on org policy or OAuth-client enablement, confirm with an authorized administrator without creating or exposing a secret."", ""Record any missing/unsupported method and a non-sensitive official source or admin confirmation.""]",Direct first-party source inspection supports the recorded value; product-specific account entitlement was not tested.,https://help.superhuman.com/hc/en-us/articles/46210118248205-Security-recommendations-for-the-Docs-MCP,Security recommendations for the Superhuman Docs MCP,,,,
HUMAN VERIFICATION NOT POSSIBLE,NO,No authorized vendor tenant/credentials and no human reviewer with access were provided in the workspace. This row was not manually checked; public-source verification is not an account/tenant test.,,,78,Coda,Productivity and Project Management,self_serve_status,"""SELF_SERVE_WITH_RESTRICTIONS""","""SELF_SERVE_WITH_RESTRICTIONS""","[""Confirm the current signup/trial/plan route for the intended product and region using an authorized account."", ""Check whether payment, identity verification, admin approval, partner review, a paid tier, or sales contact is required for the specific access path."", ""Distinguish product signup from API/MCP feature entitlement; record the account-specific result without payment or account changes unless authorized.""]",Direct first-party source inspection supports the recorded value; product-specific account entitlement was not tested.,https://superhuman.com/plans/docs?source=coda.io ; https://help.superhuman.com/hc/en-us/articles/46210076980365-Connect-to-the-Superhuman-Docs-MCP ; https://docs.superhuman.com/developers/apis/v1,Superhuman Docs plans ; Connect to the Superhuman Docs MCP ; Superhuman Docs API (v1) Reference Documentation,,,,
HUMAN VERIFICATION NOT POSSIBLE,NO,No authorized vendor tenant/credentials and no human reviewer with access were provided in the workspace. This row was not manually checked; public-source verification is not an account/tenant test.,,,78,Coda,Productivity and Project Management,credential_access.status,"""SELF_SERVE""","""SELF_SERVE""","[""Using an authorized target tenant, identify which role can create or authorize the required credential and where that UI/flow exists."", ""Confirm scope, approval, expiry and plan gates; never copy passwords, API keys, OAuth codes or tokens into this file."", ""Record only non-sensitive role/path/outcome and the supporting page or administrator confirmation.""]",Direct first-party source inspection supports the recorded value; product-specific account entitlement was not tested.,https://help.superhuman.com/hc/en-us/articles/46210118248205-Security-recommendations-for-the-Docs-MCP ; https://help.superhuman.com/hc/en-us/articles/46210093335949-Manage-your-Superhuman-Docs-account-settings ; https://help.superhuman.com/hc/en-us/articles/46210076980365-Connect-to-the-Superhuman-Docs-MCP,Security recommendations for the Superhuman Docs MCP ; Manage your Superhuman Docs account settings ; Connect to the Superhuman Docs MCP,,,,
HUMAN VERIFICATION NOT POSSIBLE,NO,No authorized vendor tenant/credentials and no human reviewer with access were provided in the workspace. This row was not manually checked; public-source verification is not an account/tenant test.,,,78,Coda,Productivity and Project Management,api.available,"""YES""","""YES""","[""Confirm API enablement for the actual tenant/edition/plan and the interface used by the proposed integration."", ""Check required API roles, permissions, developer tokens, rate/access level and any regional/organization gate."", ""Do not infer tenant API access from a public reference or signup page; retain UNKNOWN if the check is unavailable.""]",Direct first-party source inspection supports the recorded value; product-specific account entitlement was not tested.,https://docs.superhuman.com/developers/apis/v1,Superhuman Docs API (v1) Reference Documentation,,,,
HUMAN VERIFICATION NOT POSSIBLE,NO,No authorized vendor tenant/credentials and no human reviewer with access were provided in the workspace. This row was not manually checked; public-source verification is not an account/tenant test.,,,78,Coda,Productivity and Project Management,mcp.status,"""AVAILABLE""","""AVAILABLE""","[""Confirm a product-specific first-party MCP endpoint/setup guide and the target account's plan, OAuth/client, admin and tool prerequisites."", ""If availability is unknown, check first-party developer/support/repository sources and obtain an authorized product owner confirmation; an empty search is not proof of NO."", ""Test only with an authorized tenant, least privilege and non-production data; record endpoint/feature status, not secrets.""]",Direct first-party source inspection supports the recorded value; product-specific account entitlement was not tested.,https://help.superhuman.com/hc/en-us/articles/46210076980365-Connect-to-the-Superhuman-Docs-MCP,Connect to the Superhuman Docs MCP,,,,
HUMAN VERIFICATION NOT POSSIBLE,NO,No authorized vendor tenant/credentials and no human reviewer with access were provided in the workspace. This row was not manually checked; public-source verification is not an account/tenant test.,,,78,Coda,Productivity and Project Management,buildability.verdict,"""BUILDABLE_WITH_CONSTRAINTS""","""BUILDABLE_WITH_CONSTRAINTS""","[""Re-evaluate the proposed integration against the actual tenant's API, auth, role, plan, approval, policy and operational constraints."", ""For local tooling, follow the first-party install/runtime steps in a clean, authorized environment; do not claim a build/test unless executed."", ""Record any changed blocker and evidence; do not equate public documentation with a successful tenant or package test.""]",Direct first-party source inspection supports the recorded value; product-specific account entitlement was not tested.,https://help.superhuman.com/hc/en-us/articles/46210118248205-Security-recommendations-for-the-Docs-MCP,Security recommendations for the Superhuman Docs MCP,,,,
HUMAN VERIFICATION NOT POSSIBLE,NO,No authorized vendor tenant/credentials and no human reviewer with access were provided in the workspace. This row was not manually checked; public-source verification is not an account/tenant test.,,,67,Snowflake,"Developer, Infra and Data platforms",auth_methods,"[""OAuth 2.0"", ""Bearer/token"", ""Custom""]","[""OAuth 2.0"", ""Bearer/token"", ""Custom""]","[""Review the current first-party authentication page for the exact API/version and compare each documented method with the normalized value; public docs alone do not prove tenant policy."", ""Where the claim depends on org policy or OAuth-client enablement, confirm with an authorized administrator without creating or exposing a secret."", ""Record any missing/unsupported method and a non-sensitive official source or admin confirmation.""]",Direct first-party source inspection supports the recorded value; product-specific account entitlement was not tested.,https://docs.snowflake.com/en/developer-guide/sql-api/authenticating ; https://docs.snowflake.com/en/developer-guide/sql-api/intro,Authenticating to the server | Snowflake Documentation ; Introduction to SQL REST API | Snowflake Documentation,,,,
HUMAN VERIFICATION NOT POSSIBLE,NO,No authorized vendor tenant/credentials and no human reviewer with access were provided in the workspace. This row was not manually checked; public-source verification is not an account/tenant test.,,,67,Snowflake,"Developer, Infra and Data platforms",self_serve_status,"""SELF_SERVE_WITH_RESTRICTIONS""","""SELF_SERVE_WITH_RESTRICTIONS""","[""Confirm the current signup/trial/plan route for the intended product and region using an authorized account."", ""Check whether payment, identity verification, admin approval, partner review, a paid tier, or sales contact is required for the specific access path."", ""Distinguish product signup from API/MCP feature entitlement; record the account-specific result without payment or account changes unless authorized.""]",Direct first-party source inspection supports the recorded value; product-specific account entitlement was not tested.,https://www.snowflake.com/en/snowflake-trial/ ; https://docs.snowflake.com/en/user-guide/snowflake-cortex/cortex-agents-mcp,Snowflake Trial ; Snowflake-managed MCP servers,,,,
HUMAN VERIFICATION NOT POSSIBLE,NO,No authorized vendor tenant/credentials and no human reviewer with access were provided in the workspace. This row was not manually checked; public-source verification is not an account/tenant test.,,,67,Snowflake,"Developer, Infra and Data platforms",credential_access.status,"""RESTRICTED""","""RESTRICTED""","[""Using an authorized target tenant, identify which role can create or authorize the required credential and where that UI/flow exists."", ""Confirm scope, approval, expiry and plan gates; never copy passwords, API keys, OAuth codes or tokens into this file."", ""Record only non-sensitive role/path/outcome and the supporting page or administrator confirmation.""]",Direct first-party source inspection supports the recorded value; product-specific account entitlement was not tested.,https://docs.snowflake.com/en/user-guide/snowflake-cortex/cortex-agents-mcp,Snowflake-managed MCP servers,,,,
HUMAN VERIFICATION NOT POSSIBLE,NO,No authorized vendor tenant/credentials and no human reviewer with access were provided in the workspace. This row was not manually checked; public-source verification is not an account/tenant test.,,,67,Snowflake,"Developer, Infra and Data platforms",api.available,"""YES""","""YES""","[""Confirm API enablement for the actual tenant/edition/plan and the interface used by the proposed integration."", ""Check required API roles, permissions, developer tokens, rate/access level and any regional/organization gate."", ""Do not infer tenant API access from a public reference or signup page; retain UNKNOWN if the check is unavailable.""]",Direct first-party source inspection supports the recorded value; product-specific account entitlement was not tested.,https://docs.snowflake.com/en/developer-guide/sql-api/intro,Introduction to SQL REST API | Snowflake Documentation,,,,
HUMAN VERIFICATION NOT POSSIBLE,NO,No authorized vendor tenant/credentials and no human reviewer with access were provided in the workspace. This row was not manually checked; public-source verification is not an account/tenant test.,,,67,Snowflake,"Developer, Infra and Data platforms",mcp.status,"""AVAILABLE""","""AVAILABLE""","[""Confirm a product-specific first-party MCP endpoint/setup guide and the target account's plan, OAuth/client, admin and tool prerequisites."", ""If availability is unknown, check first-party developer/support/repository sources and obtain an authorized product owner confirmation; an empty search is not proof of NO."", ""Test only with an authorized tenant, least privilege and non-production data; record endpoint/feature status, not secrets.""]",Direct first-party source inspection supports the recorded value; product-specific account entitlement was not tested.,https://docs.snowflake.com/en/user-guide/snowflake-cortex/cortex-agents-mcp,Snowflake-managed MCP servers,,,,
HUMAN VERIFICATION NOT POSSIBLE,NO,No authorized vendor tenant/credentials and no human reviewer with access were provided in the workspace. This row was not manually checked; public-source verification is not an account/tenant test.,,,67,Snowflake,"Developer, Infra and Data platforms",buildability.verdict,"""BUILDABLE_WITH_CONSTRAINTS""","""BUILDABLE_WITH_CONSTRAINTS""","[""Re-evaluate the proposed integration against the actual tenant's API, auth, role, plan, approval, policy and operational constraints."", ""For local tooling, follow the first-party install/runtime steps in a clean, authorized environment; do not claim a build/test unless executed."", ""Record any changed blocker and evidence; do not equate public documentation with a successful tenant or package test.""]",Direct first-party source inspection supports the recorded value; product-specific account entitlement was not tested.,https://docs.snowflake.com/en/user-guide/snowflake-cortex/cortex-agents-mcp,Snowflake-managed MCP servers,,,,
HUMAN VERIFICATION NOT POSSIBLE,NO,No authorized vendor tenant/credentials and no human reviewer with access were provided in the workspace. This row was not manually checked; public-source verification is not an account/tenant test.,,,52,SE Ranking,"Data, SEO and Scraping",auth_methods,"[""API key""]","[""API key""]","[""Review the current first-party authentication page for the exact API/version and compare each documented method with the normalized value; public docs alone do not prove tenant policy."", ""Where the claim depends on org policy or OAuth-client enablement, confirm with an authorized administrator without creating or exposing a secret."", ""Record any missing/unsupported method and a non-sensitive official source or admin confirmation.""]",Direct first-party source inspection supports the recorded value; product-specific account entitlement was not tested.,https://help.seranking.com/hc/en-us/articles/22447958135068-Getting-Started-with-SE-Ranking-s-API ; https://seranking.com/api/integrations/mcp/,Getting Started with SE Ranking's API ; MCP Server - SE Ranking API Documentation,,,,
HUMAN VERIFICATION NOT POSSIBLE,NO,No authorized vendor tenant/credentials and no human reviewer with access were provided in the workspace. This row was not manually checked; public-source verification is not an account/tenant test.,,,52,SE Ranking,"Data, SEO and Scraping",self_serve_status,"""SELF_SERVE_WITH_RESTRICTIONS""","""SELF_SERVE_WITH_RESTRICTIONS""","[""Confirm the current signup/trial/plan route for the intended product and region using an authorized account."", ""Check whether payment, identity verification, admin approval, partner review, a paid tier, or sales contact is required for the specific access path."", ""Distinguish product signup from API/MCP feature entitlement; record the account-specific result without payment or account changes unless authorized.""]",Direct first-party source inspection supports the recorded value; product-specific account entitlement was not tested.,https://seranking.com/api-pricing.html ; https://help.seranking.com/hc/en-us/articles/22447958135068-Getting-Started-with-SE-Ranking-s-API,SE Ranking API pricing ; Getting Started with SE Ranking's API,,,,
HUMAN VERIFICATION NOT POSSIBLE,NO,No authorized vendor tenant/credentials and no human reviewer with access were provided in the workspace. This row was not manually checked; public-source verification is not an account/tenant test.,,,52,SE Ranking,"Data, SEO and Scraping",credential_access.status,"""RESTRICTED""","""RESTRICTED""","[""Using an authorized target tenant, identify which role can create or authorize the required credential and where that UI/flow exists."", ""Confirm scope, approval, expiry and plan gates; never copy passwords, API keys, OAuth codes or tokens into this file."", ""Record only non-sensitive role/path/outcome and the supporting page or administrator confirmation.""]",Direct first-party source inspection supports the recorded value; product-specific account entitlement was not tested.,https://help.seranking.com/hc/en-us/articles/22447958135068-Getting-Started-with-SE-Ranking-s-API ; https://seranking.com/api/integrations/mcp/,Getting Started with SE Ranking's API ; MCP Server - SE Ranking API Documentation,,,,
HUMAN VERIFICATION NOT POSSIBLE,NO,No authorized vendor tenant/credentials and no human reviewer with access were provided in the workspace. This row was not manually checked; public-source verification is not an account/tenant test.,,,52,SE Ranking,"Data, SEO and Scraping",api.available,"""YES""","""YES""","[""Confirm API enablement for the actual tenant/edition/plan and the interface used by the proposed integration."", ""Check required API roles, permissions, developer tokens, rate/access level and any regional/organization gate."", ""Do not infer tenant API access from a public reference or signup page; retain UNKNOWN if the check is unavailable.""]",Direct first-party source inspection supports the recorded value; product-specific account entitlement was not tested.,https://seranking.com/api/data/getting-started/,SE Ranking Data API: Getting Started,,,,
HUMAN VERIFICATION NOT POSSIBLE,NO,No authorized vendor tenant/credentials and no human reviewer with access were provided in the workspace. This row was not manually checked; public-source verification is not an account/tenant test.,,,52,SE Ranking,"Data, SEO and Scraping",mcp.status,"""AVAILABLE""","""AVAILABLE""","[""Confirm a product-specific first-party MCP endpoint/setup guide and the target account's plan, OAuth/client, admin and tool prerequisites."", ""If availability is unknown, check first-party developer/support/repository sources and obtain an authorized product owner confirmation; an empty search is not proof of NO."", ""Test only with an authorized tenant, least privilege and non-production data; record endpoint/feature status, not secrets.""]",Direct first-party source inspection supports the recorded value; product-specific account entitlement was not tested.,https://seranking.com/api/integrations/mcp/,MCP Server - SE Ranking API Documentation,,,,
HUMAN VERIFICATION NOT POSSIBLE,NO,No authorized vendor tenant/credentials and no human reviewer with access were provided in the workspace. This row was not manually checked; public-source verification is not an account/tenant test.,,,52,SE Ranking,"Data, SEO and Scraping",buildability.verdict,"""BUILDABLE_WITH_CONSTRAINTS""","""BUILDABLE_WITH_CONSTRAINTS""","[""Re-evaluate the proposed integration against the actual tenant's API, auth, role, plan, approval, policy and operational constraints."", ""For local tooling, follow the first-party install/runtime steps in a clean, authorized environment; do not claim a build/test unless executed."", ""Record any changed blocker and evidence; do not equate public documentation with a successful tenant or package test.""]",Direct first-party source inspection supports the recorded value; product-specific account entitlement was not tested.,https://help.seranking.com/hc/en-us/articles/22447958135068-Getting-Started-with-SE-Ranking-s-API,Getting Started with SE Ranking's API,,,,
HUMAN VERIFICATION NOT POSSIBLE,NO,No authorized vendor tenant/credentials and no human reviewer with access were provided in the workspace. This row was not manually checked; public-source verification is not an account/tenant test.,,,27,Telegram,Communications and Messaging,auth_methods,"[""Other""]","[""Other""]","[""Review the current first-party authentication page for the exact API/version and compare each documented method with the normalized value; public docs alone do not prove tenant policy."", ""Where the claim depends on org policy or OAuth-client enablement, confirm with an authorized administrator without creating or exposing a secret."", ""Record any missing/unsupported method and a non-sensitive official source or admin confirmation."", ""Telegram core documentation returned HTTP 403 in the research pass; verify cloud bot credential onboarding from an authorized official account path. The TDLib self-hosted server path does not settle standard cloud account/plan facts.""]","The official TDLib README confirms the HTTP Bot API and a local server requiring api_id/api_hash, but opened Telegram core pages returned HTTP 403. The cloud bot-token path, account/plan gates and first-party MCP facts are not fully established; retain UNKNOWN/PARTIAL and do not infer NO.",https://github.com/tdlib/telegram-bot-api/blob/master/README.md,telegram-bot-api/README.md at master · GitHub,,,,
HUMAN VERIFICATION NOT POSSIBLE,NO,No authorized vendor tenant/credentials and no human reviewer with access were provided in the workspace. This row was not manually checked; public-source verification is not an account/tenant test.,,,27,Telegram,Communications and Messaging,self_serve_status,"""UNKNOWN""","""UNKNOWN""","[""Confirm the current signup/trial/plan route for the intended product and region using an authorized account."", ""Check whether payment, identity verification, admin approval, partner review, a paid tier, or sales contact is required for the specific access path."", ""Distinguish product signup from API/MCP feature entitlement; record the account-specific result without payment or account changes unless authorized."", ""Telegram core documentation returned HTTP 403 in the research pass; verify cloud bot credential onboarding from an authorized official account path. The TDLib self-hosted server path does not settle standard cloud account/plan facts.""]","The official TDLib README confirms the HTTP Bot API and a local server requiring api_id/api_hash, but opened Telegram core pages returned HTTP 403. The cloud bot-token path, account/plan gates and first-party MCP facts are not fully established; retain UNKNOWN/PARTIAL and do not infer NO.",https://github.com/tdlib/telegram-bot-api/blob/master/README.md,telegram-bot-api/README.md at master · GitHub,,,,
HUMAN VERIFICATION NOT POSSIBLE,NO,No authorized vendor tenant/credentials and no human reviewer with access were provided in the workspace. This row was not manually checked; public-source verification is not an account/tenant test.,,,27,Telegram,Communications and Messaging,credential_access.status,"""UNKNOWN""","""UNKNOWN""","[""Using an authorized target tenant, identify which role can create or authorize the required credential and where that UI/flow exists."", ""Confirm scope, approval, expiry and plan gates; never copy passwords, API keys, OAuth codes or tokens into this file."", ""Record only non-sensitive role/path/outcome and the supporting page or administrator confirmation."", ""Telegram core documentation returned HTTP 403 in the research pass; verify cloud bot credential onboarding from an authorized official account path. The TDLib self-hosted server path does not settle standard cloud account/plan facts.""]","The official TDLib README confirms the HTTP Bot API and a local server requiring api_id/api_hash, but opened Telegram core pages returned HTTP 403. The cloud bot-token path, account/plan gates and first-party MCP facts are not fully established; retain UNKNOWN/PARTIAL and do not infer NO.",https://github.com/tdlib/telegram-bot-api/blob/master/README.md,telegram-bot-api/README.md at master · GitHub,,,,
HUMAN VERIFICATION NOT POSSIBLE,NO,No authorized vendor tenant/credentials and no human reviewer with access were provided in the workspace. This row was not manually checked; public-source verification is not an account/tenant test.,,,27,Telegram,Communications and Messaging,api.available,"""YES""","""YES""","[""Confirm API enablement for the actual tenant/edition/plan and the interface used by the proposed integration."", ""Check required API roles, permissions, developer tokens, rate/access level and any regional/organization gate."", ""Do not infer tenant API access from a public reference or signup page; retain UNKNOWN if the check is unavailable."", ""Telegram core documentation returned HTTP 403 in the research pass; verify cloud bot credential onboarding from an authorized official account path. The TDLib self-hosted server path does not settle standard cloud account/plan facts.""]",Direct first-party source inspection supports the recorded value; product-specific account entitlement was not tested.,https://github.com/tdlib/telegram-bot-api/blob/master/README.md,telegram-bot-api/README.md at master · GitHub,,,,
HUMAN VERIFICATION NOT POSSIBLE,NO,No authorized vendor tenant/credentials and no human reviewer with access were provided in the workspace. This row was not manually checked; public-source verification is not an account/tenant test.,,,27,Telegram,Communications and Messaging,mcp.status,"""UNKNOWN""","""UNKNOWN""","[""Confirm a product-specific first-party MCP endpoint/setup guide and the target account's plan, OAuth/client, admin and tool prerequisites."", ""If availability is unknown, check first-party developer/support/repository sources and obtain an authorized product owner confirmation; an empty search is not proof of NO."", ""Test only with an authorized tenant, least privilege and non-production data; record endpoint/feature status, not secrets."", ""Telegram core documentation returned HTTP 403 in the research pass; verify cloud bot credential onboarding from an authorized official account path. The TDLib self-hosted server path does not settle standard cloud account/plan facts.""]","The official TDLib README confirms the HTTP Bot API and a local server requiring api_id/api_hash, but opened Telegram core pages returned HTTP 403. The cloud bot-token path, account/plan gates and first-party MCP facts are not fully established; retain UNKNOWN/PARTIAL and do not infer NO.",https://github.com/tdlib/telegram-bot-api/blob/master/README.md,telegram-bot-api/README.md at master · GitHub,,,,
HUMAN VERIFICATION NOT POSSIBLE,NO,No authorized vendor tenant/credentials and no human reviewer with access were provided in the workspace. This row was not manually checked; public-source verification is not an account/tenant test.,,,27,Telegram,Communications and Messaging,buildability.verdict,"""UNKNOWN""","""UNKNOWN""","[""Re-evaluate the proposed integration against the actual tenant's API, auth, role, plan, approval, policy and operational constraints."", ""For local tooling, follow the first-party install/runtime steps in a clean, authorized environment; do not claim a build/test unless executed."", ""Record any changed blocker and evidence; do not equate public documentation with a successful tenant or package test."", ""Telegram core documentation returned HTTP 403 in the research pass; verify cloud bot credential onboarding from an authorized official account path. The TDLib self-hosted server path does not settle standard cloud account/plan facts.""]","The official TDLib README confirms the HTTP Bot API and a local server requiring api_id/api_hash, but opened Telegram core pages returned HTTP 403. The cloud bot-token path, account/plan gates and first-party MCP facts are not fully established; retain UNKNOWN/PARTIAL and do not infer NO.",https://github.com/tdlib/telegram-bot-api/blob/master/README.md,telegram-bot-api/README.md at master · GitHub,,,,
HUMAN VERIFICATION NOT POSSIBLE,NO,No authorized vendor tenant/credentials and no human reviewer with access were provided in the workspace. This row was not manually checked; public-source verification is not an account/tenant test.,,,91,NotebookLM,"AI, Research and Media-native",auth_methods,"[""OAuth 2.0"", ""Bearer/token""]","[""OAuth 2.0"", ""Bearer/token""]","[""Review the current first-party authentication page for the exact API/version and compare each documented method with the normalized value; public docs alone do not prove tenant policy."", ""Where the claim depends on org policy or OAuth-client enablement, confirm with an authorized administrator without creating or exposing a secret."", ""Record any missing/unsupported method and a non-sensitive official source or admin confirmation.""]",Direct first-party source inspection supports the recorded value; product-specific account entitlement was not tested.,https://docs.cloud.google.com/gemini/enterprise/notebooklm-enterprise/docs/api-notebooks,Create and manage notebooks (API) | Gemini Notebook Enterprise | Google Cloud Documentation,,,,
HUMAN VERIFICATION NOT POSSIBLE,NO,No authorized vendor tenant/credentials and no human reviewer with access were provided in the workspace. This row was not manually checked; public-source verification is not an account/tenant test.,,,91,NotebookLM,"AI, Research and Media-native",self_serve_status,"""ENTERPRISE_ONLY""","""ENTERPRISE_ONLY""","[""Confirm the current signup/trial/plan route for the intended product and region using an authorized account."", ""Check whether payment, identity verification, admin approval, partner review, a paid tier, or sales contact is required for the specific access path."", ""Distinguish product signup from API/MCP feature entitlement; record the account-specific result without payment or account changes unless authorized.""]",Direct first-party source inspection supports the recorded value; product-specific account entitlement was not tested.,https://docs.cloud.google.com/gemini/enterprise/notebooklm-enterprise/docs/set-up-licensing ; https://docs.cloud.google.com/gemini/enterprise/notebooklm-enterprise/docs/set-up-notebooklm,Gemini Notebook Enterprise licensing | Google Cloud Documentation ; Set up Gemini Notebook Enterprise | Google Cloud Documentation,,,,
HUMAN VERIFICATION NOT POSSIBLE,NO,No authorized vendor tenant/credentials and no human reviewer with access were provided in the workspace. This row was not manually checked; public-source verification is not an account/tenant test.,,,91,NotebookLM,"AI, Research and Media-native",credential_access.status,"""GATED""","""GATED""","[""Using an authorized target tenant, identify which role can create or authorize the required credential and where that UI/flow exists."", ""Confirm scope, approval, expiry and plan gates; never copy passwords, API keys, OAuth codes or tokens into this file."", ""Record only non-sensitive role/path/outcome and the supporting page or administrator confirmation.""]",Direct first-party source inspection supports the recorded value; product-specific account entitlement was not tested.,https://docs.cloud.google.com/gemini/enterprise/notebooklm-enterprise/docs/set-up-notebooklm,Set up Gemini Notebook Enterprise | Google Cloud Documentation,,,,
HUMAN VERIFICATION NOT POSSIBLE,NO,No authorized vendor tenant/credentials and no human reviewer with access were provided in the workspace. This row was not manually checked; public-source verification is not an account/tenant test.,,,91,NotebookLM,"AI, Research and Media-native",api.available,"""YES""","""YES""","[""Confirm API enablement for the actual tenant/edition/plan and the interface used by the proposed integration."", ""Check required API roles, permissions, developer tokens, rate/access level and any regional/organization gate."", ""Do not infer tenant API access from a public reference or signup page; retain UNKNOWN if the check is unavailable.""]",Direct first-party source inspection supports the recorded value; product-specific account entitlement was not tested.,https://docs.cloud.google.com/gemini/enterprise/notebooklm-enterprise/docs/api-notebooks,Create and manage notebooks (API) | Gemini Notebook Enterprise | Google Cloud Documentation,,,,
HUMAN VERIFICATION NOT POSSIBLE,NO,No authorized vendor tenant/credentials and no human reviewer with access were provided in the workspace. This row was not manually checked; public-source verification is not an account/tenant test.,,,91,NotebookLM,"AI, Research and Media-native",mcp.status,"""UNKNOWN""","""UNKNOWN""","[""Confirm a product-specific first-party MCP endpoint/setup guide and the target account's plan, OAuth/client, admin and tool prerequisites."", ""If availability is unknown, check first-party developer/support/repository sources and obtain an authorized product owner confirmation; an empty search is not proof of NO."", ""Test only with an authorized tenant, least privilege and non-production data; record endpoint/feature status, not secrets."", ""Keep NotebookLM Enterprise MCP UNKNOWN unless a product-specific first-party Google Cloud endpoint/setup is confirmed; do not substitute a generic Google Cloud MCP.""]",Google Cloud's NotebookLM Enterprise API/setup/license pages and targeted official-domain MCP search did not establish a product-specific NotebookLM MCP. Generic Google Cloud MCP services are not attributed to NotebookLM; keep UNKNOWN rather than NO.,https://docs.cloud.google.com/gemini/enterprise/notebooklm-enterprise/docs/api-notebooks ; https://docs.cloud.google.com/gemini/enterprise/notebooklm-enterprise/docs/set-up-notebooklm,Create and manage notebooks (API) | Gemini Notebook Enterprise | Google Cloud Documentation ; Set up Gemini Notebook Enterprise | Google Cloud Documentation,,,,
HUMAN VERIFICATION NOT POSSIBLE,NO,No authorized vendor tenant/credentials and no human reviewer with access were provided in the workspace. This row was not manually checked; public-source verification is not an account/tenant test.,,,91,NotebookLM,"AI, Research and Media-native",buildability.verdict,"""BUILDABLE_WITH_CONSTRAINTS""","""BUILDABLE_WITH_CONSTRAINTS""","[""Re-evaluate the proposed integration against the actual tenant's API, auth, role, plan, approval, policy and operational constraints."", ""For local tooling, follow the first-party install/runtime steps in a clean, authorized environment; do not claim a build/test unless executed."", ""Record any changed blocker and evidence; do not equate public documentation with a successful tenant or package test.""]",Direct first-party source inspection supports the recorded value; product-specific account entitlement was not tested.,https://docs.cloud.google.com/gemini/enterprise/notebooklm-enterprise/docs/set-up-notebooklm,Set up Gemini Notebook Enterprise | Google Cloud Documentation,,,,
HUMAN VERIFICATION NOT POSSIBLE,NO,No authorized vendor tenant/credentials and no human reviewer with access were provided in the workspace. This row was not manually checked; public-source verification is not an account/tenant test.,,,45,Magento (Adobe Commerce),Ecommerce,auth_methods,"[""OAuth 2.0"", ""Bearer/token"", ""Other""]","[""OAuth 2.0"", ""Bearer/token"", ""Other""]","[""Review the current first-party authentication page for the exact API/version and compare each documented method with the normalized value; public docs alone do not prove tenant policy."", ""Where the claim depends on org policy or OAuth-client enablement, confirm with an authorized administrator without creating or exposing a secret."", ""Record any missing/unsupported method and a non-sensitive official source or admin confirmation.""]",Direct first-party source inspection supports the recorded value; product-specific account entitlement was not tested.,https://developer.adobe.com/commerce/webapi/rest/authentication/,Authentication | Adobe Commerce,,,,
HUMAN VERIFICATION NOT POSSIBLE,NO,No authorized vendor tenant/credentials and no human reviewer with access were provided in the workspace. This row was not manually checked; public-source verification is not an account/tenant test.,,,45,Magento (Adobe Commerce),Ecommerce,self_serve_status,"""SELF_SERVE_WITH_RESTRICTIONS""","""SELF_SERVE_WITH_RESTRICTIONS""","[""Confirm the current signup/trial/plan route for the intended product and region using an authorized account."", ""Check whether payment, identity verification, admin approval, partner review, a paid tier, or sales contact is required for the specific access path."", ""Distinguish product signup from API/MCP feature entitlement; record the account-specific result without payment or account changes unless authorized.""]",Direct first-party source inspection supports the recorded value; product-specific account entitlement was not tested.,https://developer.adobe.com/commerce/webapi/get-started/authentication/ ; https://developer.adobe.com/commerce/webapi/get-started/ ; https://developer.adobe.com/commerce/webapi/rest/authentication/,Authentication for Adobe Commerce as a Cloud Service ; Get started with Web APIs | Adobe Commerce ; Authentication | Adobe Commerce,,,,
HUMAN VERIFICATION NOT POSSIBLE,NO,No authorized vendor tenant/credentials and no human reviewer with access were provided in the workspace. This row was not manually checked; public-source verification is not an account/tenant test.,,,45,Magento (Adobe Commerce),Ecommerce,credential_access.status,"""RESTRICTED""","""RESTRICTED""","[""Using an authorized target tenant, identify which role can create or authorize the required credential and where that UI/flow exists."", ""Confirm scope, approval, expiry and plan gates; never copy passwords, API keys, OAuth codes or tokens into this file."", ""Record only non-sensitive role/path/outcome and the supporting page or administrator confirmation.""]",Direct first-party source inspection supports the recorded value; product-specific account entitlement was not tested.,https://developer.adobe.com/commerce/webapi/rest/authentication/ ; https://developer.adobe.com/commerce/webapi/get-started/authentication/,Authentication | Adobe Commerce ; Authentication for Adobe Commerce as a Cloud Service,,,,
HUMAN VERIFICATION NOT POSSIBLE,NO,No authorized vendor tenant/credentials and no human reviewer with access were provided in the workspace. This row was not manually checked; public-source verification is not an account/tenant test.,,,45,Magento (Adobe Commerce),Ecommerce,api.available,"""YES""","""YES""","[""Confirm API enablement for the actual tenant/edition/plan and the interface used by the proposed integration."", ""Check required API roles, permissions, developer tokens, rate/access level and any regional/organization gate."", ""Do not infer tenant API access from a public reference or signup page; retain UNKNOWN if the check is unavailable.""]",Direct first-party source inspection supports the recorded value; product-specific account entitlement was not tested.,https://developer.adobe.com/commerce/webapi/get-started/,Get started with Web APIs | Adobe Commerce,,,,
HUMAN VERIFICATION NOT POSSIBLE,NO,No authorized vendor tenant/credentials and no human reviewer with access were provided in the workspace. This row was not manually checked; public-source verification is not an account/tenant test.,,,45,Magento (Adobe Commerce),Ecommerce,mcp.status,"""AVAILABLE""","""AVAILABLE""","[""Confirm a product-specific first-party MCP endpoint/setup guide and the target account's plan, OAuth/client, admin and tool prerequisites."", ""If availability is unknown, check first-party developer/support/repository sources and obtain an authorized product owner confirmation; an empty search is not proof of NO."", ""Test only with an authorized tenant, least privilege and non-production data; record endpoint/feature status, not secrets.""]",Direct first-party source inspection supports the recorded value; product-specific account entitlement was not tested.,https://developer.adobe.com/commerce/extensibility/developer-agent/tools-overview ; https://developer.adobe.com/commerce/extensibility/developer-agent/coding-tools,AI developer tools for Commerce extensibility ; Commerce development MCPs and skills,,,,
HUMAN VERIFICATION NOT POSSIBLE,NO,No authorized vendor tenant/credentials and no human reviewer with access were provided in the workspace. This row was not manually checked; public-source verification is not an account/tenant test.,,,45,Magento (Adobe Commerce),Ecommerce,buildability.verdict,"""BUILDABLE_WITH_CONSTRAINTS""","""BUILDABLE_WITH_CONSTRAINTS""","[""Re-evaluate the proposed integration against the actual tenant's API, auth, role, plan, approval, policy and operational constraints."", ""For local tooling, follow the first-party install/runtime steps in a clean, authorized environment; do not claim a build/test unless executed."", ""Record any changed blocker and evidence; do not equate public documentation with a successful tenant or package test.""]",Direct first-party source inspection supports the recorded value; product-specific account entitlement was not tested.,https://developer.adobe.com/commerce/webapi/get-started/,Get started with Web APIs | Adobe Commerce,,,,
HUMAN VERIFICATION NOT POSSIBLE,NO,No authorized vendor tenant/credentials and no human reviewer with access were provided in the workspace. This row was not manually checked; public-source verification is not an account/tenant test.,,,88,Brex,Finance and Fintech,auth_methods,"[""OAuth 2.0"", ""Bearer/token"", ""API key""]","[""OAuth 2.0"", ""Bearer/token"", ""API key""]","[""Review the current first-party authentication page for the exact API/version and compare each documented method with the normalized value; public docs alone do not prove tenant policy."", ""Where the claim depends on org policy or OAuth-client enablement, confirm with an authorized administrator without creating or exposing a secret."", ""Record any missing/unsupported method and a non-sensitive official source or admin confirmation.""]",Direct first-party source inspection supports the recorded value; product-specific account entitlement was not tested.,https://developer.brex.com/docs/mcp,Brex MCP,,,,
HUMAN VERIFICATION NOT POSSIBLE,NO,No authorized vendor tenant/credentials and no human reviewer with access were provided in the workspace. This row was not manually checked; public-source verification is not an account/tenant test.,,,88,Brex,Finance and Fintech,self_serve_status,"""ADMIN_APPROVAL_REQUIRED""","""ADMIN_APPROVAL_REQUIRED""","[""Confirm the current signup/trial/plan route for the intended product and region using an authorized account."", ""Check whether payment, identity verification, admin approval, partner review, a paid tier, or sales contact is required for the specific access path."", ""Distinguish product signup from API/MCP feature entitlement; record the account-specific result without payment or account changes unless authorized.""]",Direct first-party source inspection supports the recorded value; product-specific account entitlement was not tested.,https://developer.brex.com/docs/mcp ; https://developer.brex.com/docs,Brex MCP ; Brex Developer API,,,,
HUMAN VERIFICATION NOT POSSIBLE,NO,No authorized vendor tenant/credentials and no human reviewer with access were provided in the workspace. This row was not manually checked; public-source verification is not an account/tenant test.,,,88,Brex,Finance and Fintech,credential_access.status,"""GATED""","""GATED""","[""Using an authorized target tenant, identify which role can create or authorize the required credential and where that UI/flow exists."", ""Confirm scope, approval, expiry and plan gates; never copy passwords, API keys, OAuth codes or tokens into this file."", ""Record only non-sensitive role/path/outcome and the supporting page or administrator confirmation.""]",Direct first-party source inspection supports the recorded value; product-specific account entitlement was not tested.,https://developer.brex.com/docs/mcp ; https://developer.brex.com/docs,Brex MCP ; Brex Developer API,,,,
HUMAN VERIFICATION NOT POSSIBLE,NO,No authorized vendor tenant/credentials and no human reviewer with access were provided in the workspace. This row was not manually checked; public-source verification is not an account/tenant test.,,,88,Brex,Finance and Fintech,api.available,"""YES""","""YES""","[""Confirm API enablement for the actual tenant/edition/plan and the interface used by the proposed integration."", ""Check required API roles, permissions, developer tokens, rate/access level and any regional/organization gate."", ""Do not infer tenant API access from a public reference or signup page; retain UNKNOWN if the check is unavailable.""]",Direct first-party source inspection supports the recorded value; product-specific account entitlement was not tested.,https://developer.brex.com/docs,Brex Developer API,,,,
HUMAN VERIFICATION NOT POSSIBLE,NO,No authorized vendor tenant/credentials and no human reviewer with access were provided in the workspace. This row was not manually checked; public-source verification is not an account/tenant test.,,,88,Brex,Finance and Fintech,mcp.status,"""AVAILABLE""","""AVAILABLE""","[""Confirm a product-specific first-party MCP endpoint/setup guide and the target account's plan, OAuth/client, admin and tool prerequisites."", ""If availability is unknown, check first-party developer/support/repository sources and obtain an authorized product owner confirmation; an empty search is not proof of NO."", ""Test only with an authorized tenant, least privilege and non-production data; record endpoint/feature status, not secrets.""]",Direct first-party source inspection supports the recorded value; product-specific account entitlement was not tested.,https://developer.brex.com/docs/mcp,Brex MCP,,,,
HUMAN VERIFICATION NOT POSSIBLE,NO,No authorized vendor tenant/credentials and no human reviewer with access were provided in the workspace. This row was not manually checked; public-source verification is not an account/tenant test.,,,88,Brex,Finance and Fintech,buildability.verdict,"""BUILDABLE_WITH_CONSTRAINTS""","""BUILDABLE_WITH_CONSTRAINTS""","[""Re-evaluate the proposed integration against the actual tenant's API, auth, role, plan, approval, policy and operational constraints."", ""For local tooling, follow the first-party install/runtime steps in a clean, authorized environment; do not claim a build/test unless executed."", ""Record any changed blocker and evidence; do not equate public documentation with a successful tenant or package test.""]",Direct first-party source inspection supports the recorded value; product-specific account entitlement was not tested.,https://developer.brex.com/docs/mcp,Brex MCP,,,,
HUMAN VERIFICATION NOT POSSIBLE,NO,No authorized vendor tenant/credentials and no human reviewer with access were provided in the workspace. This row was not manually checked; public-source verification is not an account/tenant test.,,,65,Supabase,"Developer, Infra and Data platforms",auth_methods,"[""API key"", ""Bearer/token"", ""OAuth 2.0""]","[""API key"", ""Bearer/token"", ""OAuth 2.0""]","[""Review the current first-party authentication page for the exact API/version and compare each documented method with the normalized value; public docs alone do not prove tenant policy."", ""Where the claim depends on org policy or OAuth-client enablement, confirm with an authorized administrator without creating or exposing a secret."", ""Record any missing/unsupported method and a non-sensitive official source or admin confirmation.""]",Direct first-party source inspection supports the recorded value; product-specific account entitlement was not tested.,https://supabase.com/docs/guides/getting-started/api-keys ; https://supabase.com/docs/guides/ai-tools/mcp,API Keys | Supabase Docs ; Supabase MCP Server | Supabase Docs,,,,
HUMAN VERIFICATION NOT POSSIBLE,NO,No authorized vendor tenant/credentials and no human reviewer with access were provided in the workspace. This row was not manually checked; public-source verification is not an account/tenant test.,,,65,Supabase,"Developer, Infra and Data platforms",self_serve_status,"""SELF_SERVE_WITH_RESTRICTIONS""","""SELF_SERVE_WITH_RESTRICTIONS""","[""Confirm the current signup/trial/plan route for the intended product and region using an authorized account."", ""Check whether payment, identity verification, admin approval, partner review, a paid tier, or sales contact is required for the specific access path."", ""Distinguish product signup from API/MCP feature entitlement; record the account-specific result without payment or account changes unless authorized.""]",Direct first-party source inspection supports the recorded value; product-specific account entitlement was not tested.,https://supabase.com/pricing,Supabase Pricing,,,,
HUMAN VERIFICATION NOT POSSIBLE,NO,No authorized vendor tenant/credentials and no human reviewer with access were provided in the workspace. This row was not manually checked; public-source verification is not an account/tenant test.,,,65,Supabase,"Developer, Infra and Data platforms",credential_access.status,"""SELF_SERVE""","""SELF_SERVE""","[""Using an authorized target tenant, identify which role can create or authorize the required credential and where that UI/flow exists."", ""Confirm scope, approval, expiry and plan gates; never copy passwords, API keys, OAuth codes or tokens into this file."", ""Record only non-sensitive role/path/outcome and the supporting page or administrator confirmation.""]",Direct first-party source inspection supports the recorded value; product-specific account entitlement was not tested.,https://supabase.com/docs/guides/ai-tools/mcp ; https://supabase.com/docs/guides/getting-started/api-keys,Supabase MCP Server | Supabase Docs ; API Keys | Supabase Docs,,,,
HUMAN VERIFICATION NOT POSSIBLE,NO,No authorized vendor tenant/credentials and no human reviewer with access were provided in the workspace. This row was not manually checked; public-source verification is not an account/tenant test.,,,65,Supabase,"Developer, Infra and Data platforms",api.available,"""YES""","""YES""","[""Confirm API enablement for the actual tenant/edition/plan and the interface used by the proposed integration."", ""Check required API roles, permissions, developer tokens, rate/access level and any regional/organization gate."", ""Do not infer tenant API access from a public reference or signup page; retain UNKNOWN if the check is unavailable.""]",Direct first-party source inspection supports the recorded value; product-specific account entitlement was not tested.,https://supabase.com/docs/guides/api,Supabase APIs,,,,
HUMAN VERIFICATION NOT POSSIBLE,NO,No authorized vendor tenant/credentials and no human reviewer with access were provided in the workspace. This row was not manually checked; public-source verification is not an account/tenant test.,,,65,Supabase,"Developer, Infra and Data platforms",mcp.status,"""AVAILABLE""","""AVAILABLE""","[""Confirm a product-specific first-party MCP endpoint/setup guide and the target account's plan, OAuth/client, admin and tool prerequisites."", ""If availability is unknown, check first-party developer/support/repository sources and obtain an authorized product owner confirmation; an empty search is not proof of NO."", ""Test only with an authorized tenant, least privilege and non-production data; record endpoint/feature status, not secrets.""]",Direct first-party source inspection supports the recorded value; product-specific account entitlement was not tested.,https://supabase.com/docs/guides/ai-tools/mcp,Supabase MCP Server | Supabase Docs,,,,
HUMAN VERIFICATION NOT POSSIBLE,NO,No authorized vendor tenant/credentials and no human reviewer with access were provided in the workspace. This row was not manually checked; public-source verification is not an account/tenant test.,,,65,Supabase,"Developer, Infra and Data platforms",buildability.verdict,"""BUILDABLE_WITH_CONSTRAINTS""","""BUILDABLE_WITH_CONSTRAINTS""","[""Re-evaluate the proposed integration against the actual tenant's API, auth, role, plan, approval, policy and operational constraints."", ""For local tooling, follow the first-party install/runtime steps in a clean, authorized environment; do not claim a build/test unless executed."", ""Record any changed blocker and evidence; do not equate public documentation with a successful tenant or package test.""]",Direct first-party source inspection supports the recorded value; product-specific account entitlement was not tested.,https://supabase.com/docs/guides/ai-tools/mcp,Supabase MCP Server | Supabase Docs,,,,
HUMAN VERIFICATION NOT POSSIBLE,NO,No authorized vendor tenant/credentials and no human reviewer with access were provided in the workspace. This row was not manually checked; public-source verification is not an account/tenant test.,,,1,Salesforce,CRM and Sales,auth_methods,"[""OAuth 2.0"", ""Bearer/token""]","[""OAuth 2.0"", ""Bearer/token""]","[""Review the current first-party authentication page for the exact API/version and compare each documented method with the normalized value; public docs alone do not prove tenant policy."", ""Where the claim depends on org policy or OAuth-client enablement, confirm with an authorized administrator without creating or exposing a secret."", ""Record any missing/unsupported method and a non-sensitive official source or admin confirmation.""]",Direct first-party source inspection supports the recorded value; product-specific account entitlement was not tested.,https://developer.salesforce.com/docs/platform/api-rest/guide/intro-what-is-rest-api.html,About REST API - Salesforce Developers,,,,
HUMAN VERIFICATION NOT POSSIBLE,NO,No authorized vendor tenant/credentials and no human reviewer with access were provided in the workspace. This row was not manually checked; public-source verification is not an account/tenant test.,,,1,Salesforce,CRM and Sales,self_serve_status,"""SELF_SERVE_WITH_RESTRICTIONS""","""SELF_SERVE_WITH_RESTRICTIONS""","[""Confirm the current signup/trial/plan route for the intended product and region using an authorized account."", ""Check whether payment, identity verification, admin approval, partner review, a paid tier, or sales contact is required for the specific access path."", ""Distinguish product signup from API/MCP feature entitlement; record the account-specific result without payment or account changes unless authorized.""]",Direct first-party source inspection supports the recorded value; product-specific account entitlement was not tested.,https://developer.salesforce.com/docs/platform/api/guide/sforce-api-quickstart-intro.html,About SOAP API | SOAP API Developer Guide | Salesforce Developers,,,,
HUMAN VERIFICATION NOT POSSIBLE,NO,No authorized vendor tenant/credentials and no human reviewer with access were provided in the workspace. This row was not manually checked; public-source verification is not an account/tenant test.,,,1,Salesforce,CRM and Sales,credential_access.status,"""RESTRICTED""","""RESTRICTED""","[""Using an authorized target tenant, identify which role can create or authorize the required credential and where that UI/flow exists."", ""Confirm scope, approval, expiry and plan gates; never copy passwords, API keys, OAuth codes or tokens into this file."", ""Record only non-sensitive role/path/outcome and the supporting page or administrator confirmation.""]",Direct first-party source inspection supports the recorded value; product-specific account entitlement was not tested.,https://developer.salesforce.com/docs/platform/api/guide/sforce-api-quickstart-intro.html ; https://developer.salesforce.com/docs/platform/api-rest/guide/intro-what-is-rest-api.html,About SOAP API | SOAP API Developer Guide | Salesforce Developers ; About REST API - Salesforce Developers,,,,
HUMAN VERIFICATION NOT POSSIBLE,NO,No authorized vendor tenant/credentials and no human reviewer with access were provided in the workspace. This row was not manually checked; public-source verification is not an account/tenant test.,,,1,Salesforce,CRM and Sales,api.available,"""YES""","""YES""","[""Confirm API enablement for the actual tenant/edition/plan and the interface used by the proposed integration."", ""Check required API roles, permissions, developer tokens, rate/access level and any regional/organization gate."", ""Do not infer tenant API access from a public reference or signup page; retain UNKNOWN if the check is unavailable.""]",Direct first-party source inspection supports the recorded value; product-specific account entitlement was not tested.,https://developer.salesforce.com/docs/platform/api-rest/guide/intro-what-is-rest-api.html,About REST API - Salesforce Developers,,,,
HUMAN VERIFICATION NOT POSSIBLE,NO,No authorized vendor tenant/credentials and no human reviewer with access were provided in the workspace. This row was not manually checked; public-source verification is not an account/tenant test.,,,1,Salesforce,CRM and Sales,mcp.status,"""AVAILABLE""","""AVAILABLE""","[""Confirm a product-specific first-party MCP endpoint/setup guide and the target account's plan, OAuth/client, admin and tool prerequisites."", ""If availability is unknown, check first-party developer/support/repository sources and obtain an authorized product owner confirmation; an empty search is not proof of NO."", ""Test only with an authorized tenant, least privilege and non-production data; record endpoint/feature status, not secrets.""]",Direct first-party source inspection supports the recorded value; product-specific account entitlement was not tested.,https://developer.salesforce.com/docs/ai/agentforce/guide/mcp.html,Salesforce MCP Solutions,,,,
HUMAN VERIFICATION NOT POSSIBLE,NO,No authorized vendor tenant/credentials and no human reviewer with access were provided in the workspace. This row was not manually checked; public-source verification is not an account/tenant test.,,,1,Salesforce,CRM and Sales,buildability.verdict,"""BUILDABLE_WITH_CONSTRAINTS""","""BUILDABLE_WITH_CONSTRAINTS""","[""Re-evaluate the proposed integration against the actual tenant's API, auth, role, plan, approval, policy and operational constraints."", ""For local tooling, follow the first-party install/runtime steps in a clean, authorized environment; do not claim a build/test unless executed."", ""Record any changed blocker and evidence; do not equate public documentation with a successful tenant or package test.""]",Direct first-party source inspection supports the recorded value; product-specific account entitlement was not tested.,https://developer.salesforce.com/docs/platform/api/guide/sforce-api-quickstart-intro.html,About SOAP API | SOAP API Developer Guide | Salesforce Developers,,,,
HUMAN VERIFICATION NOT POSSIBLE,NO,No authorized vendor tenant/credentials and no human reviewer with access were provided in the workspace. This row was not manually checked; public-source verification is not an account/tenant test.,,,23,Zoho Cliq,Communications and Messaging,auth_methods,"[""OAuth 2.0"", ""Bearer/token""]","[""OAuth 2.0"", ""Bearer/token""]","[""Review the current first-party authentication page for the exact API/version and compare each documented method with the normalized value; public docs alone do not prove tenant policy."", ""Where the claim depends on org policy or OAuth-client enablement, confirm with an authorized administrator without creating or exposing a secret."", ""Record any missing/unsupported method and a non-sensitive official source or admin confirmation."", ""Reopen the current Cliq REST/OAuth documentation or ask an authorized Zoho administrator; the extracted OAuth page rendered 'No Results Found'. Do not reuse the historical OAuth/bearer observation as a new check.""]","The current Zoho Cliq REST/OAuth page extraction exposed navigation and 'No Results Found' rather than the authentication body. First-party MCP setup and the official API index were inspected, but the precise API auth-method set could not be independently confirmed from the current page capture; retain the first-pass list as unresolved.",https://www.zoho.com/cliq/help/restapi/v3/introduction/ ; https://www.zoho.com/cliq/help/platform/configure-zoho-cliq-mcp.html,Introduction | Zoho Cliq | API Documentation ; Configuring Your Zoho MCP Server,,,,
HUMAN VERIFICATION NOT POSSIBLE,NO,No authorized vendor tenant/credentials and no human reviewer with access were provided in the workspace. This row was not manually checked; public-source verification is not an account/tenant test.,,,23,Zoho Cliq,Communications and Messaging,self_serve_status,"""SELF_SERVE_WITH_RESTRICTIONS""","""SELF_SERVE_WITH_RESTRICTIONS""","[""Confirm the current signup/trial/plan route for the intended product and region using an authorized account."", ""Check whether payment, identity verification, admin approval, partner review, a paid tier, or sales contact is required for the specific access path."", ""Distinguish product signup from API/MCP feature entitlement; record the account-specific result without payment or account changes unless authorized.""]",Direct first-party source inspection supports the recorded value; product-specific account entitlement was not tested.,https://www.zoho.com/cliq/pricing.html ; https://www.zoho.com/cliq/help/platform/configure-zoho-cliq-mcp.html,Cliq - Chat Pricing | Free Chat plans for all Teams size ; Configuring Your Zoho MCP Server,,,,
HUMAN VERIFICATION NOT POSSIBLE,NO,No authorized vendor tenant/credentials and no human reviewer with access were provided in the workspace. This row was not manually checked; public-source verification is not an account/tenant test.,,,23,Zoho Cliq,Communications and Messaging,credential_access.status,"""SELF_SERVE""","""SELF_SERVE""","[""Using an authorized target tenant, identify which role can create or authorize the required credential and where that UI/flow exists."", ""Confirm scope, approval, expiry and plan gates; never copy passwords, API keys, OAuth codes or tokens into this file."", ""Record only non-sensitive role/path/outcome and the supporting page or administrator confirmation.""]",Direct first-party source inspection supports the recorded value; product-specific account entitlement was not tested.,https://www.zoho.com/cliq/help/platform/configure-zoho-cliq-mcp.html ; https://www.zoho.com/cliq/pricing.html,Configuring Your Zoho MCP Server ; Cliq - Chat Pricing | Free Chat plans for all Teams size,,,,
HUMAN VERIFICATION NOT POSSIBLE,NO,No authorized vendor tenant/credentials and no human reviewer with access were provided in the workspace. This row was not manually checked; public-source verification is not an account/tenant test.,,,23,Zoho Cliq,Communications and Messaging,api.available,"""YES""","""YES""","[""Confirm API enablement for the actual tenant/edition/plan and the interface used by the proposed integration."", ""Check required API roles, permissions, developer tokens, rate/access level and any regional/organization gate."", ""Do not infer tenant API access from a public reference or signup page; retain UNKNOWN if the check is unavailable.""]",Direct first-party source inspection supports the recorded value; product-specific account entitlement was not tested.,https://www.zoho.com/cliq/help/restapi/v3/introduction/,Introduction | Zoho Cliq | API Documentation,,,,
HUMAN VERIFICATION NOT POSSIBLE,NO,No authorized vendor tenant/credentials and no human reviewer with access were provided in the workspace. This row was not manually checked; public-source verification is not an account/tenant test.,,,23,Zoho Cliq,Communications and Messaging,mcp.status,"""AVAILABLE""","""AVAILABLE""","[""Confirm a product-specific first-party MCP endpoint/setup guide and the target account's plan, OAuth/client, admin and tool prerequisites."", ""If availability is unknown, check first-party developer/support/repository sources and obtain an authorized product owner confirmation; an empty search is not proof of NO."", ""Test only with an authorized tenant, least privilege and non-production data; record endpoint/feature status, not secrets.""]",Direct first-party source inspection supports the recorded value; product-specific account entitlement was not tested.,https://www.zoho.com/cliq/help/platform/zoho-cliq-mcp.html,Guide to Zoho Cliq's MCP Server,,,,
HUMAN VERIFICATION NOT POSSIBLE,NO,No authorized vendor tenant/credentials and no human reviewer with access were provided in the workspace. This row was not manually checked; public-source verification is not an account/tenant test.,,,23,Zoho Cliq,Communications and Messaging,buildability.verdict,"""BUILDABLE_WITH_CONSTRAINTS""","""BUILDABLE_WITH_CONSTRAINTS""","[""Re-evaluate the proposed integration against the actual tenant's API, auth, role, plan, approval, policy and operational constraints."", ""For local tooling, follow the first-party install/runtime steps in a clean, authorized environment; do not claim a build/test unless executed."", ""Record any changed blocker and evidence; do not equate public documentation with a successful tenant or package test.""]",Direct first-party source inspection supports the recorded value; product-specific account entitlement was not tested.,https://www.zoho.com/cliq/help/platform/configure-zoho-cliq-mcp.html,Configuring Your Zoho MCP Server,,,,
HUMAN VERIFICATION NOT POSSIBLE,NO,No authorized vendor tenant/credentials and no human reviewer with access were provided in the workspace. This row was not manually checked; public-source verification is not an account/tenant test.,,,100,Grain,"AI, Research and Media-native",auth_methods,"[""OAuth 2.0"", ""Bearer/token"", ""API key""]","[""OAuth 2.0"", ""Bearer/token"", ""API key""]","[""Review the current first-party authentication page for the exact API/version and compare each documented method with the normalized value; public docs alone do not prove tenant policy."", ""Where the claim depends on org policy or OAuth-client enablement, confirm with an authorized administrator without creating or exposing a secret."", ""Record any missing/unsupported method and a non-sensitive official source or admin confirmation.""]",Direct first-party source inspection supports the recorded value; product-specific account entitlement was not tested.,https://support.grain.com/en/articles/15507288-grain-api ; https://developers.grain.com/overview.html,Grain API | Grain Support ; Overview — Grain Developers,,,,
HUMAN VERIFICATION NOT POSSIBLE,NO,No authorized vendor tenant/credentials and no human reviewer with access were provided in the workspace. This row was not manually checked; public-source verification is not an account/tenant test.,,,100,Grain,"AI, Research and Media-native",self_serve_status,"""SELF_SERVE_WITH_RESTRICTIONS""","""SELF_SERVE_WITH_RESTRICTIONS""","[""Confirm the current signup/trial/plan route for the intended product and region using an authorized account."", ""Check whether payment, identity verification, admin approval, partner review, a paid tier, or sales contact is required for the specific access path."", ""Distinguish product signup from API/MCP feature entitlement; record the account-specific result without payment or account changes unless authorized.""]",Direct first-party source inspection supports the recorded value; product-specific account entitlement was not tested.,https://grain.com/pricing,Grain Pricing,,,,
HUMAN VERIFICATION NOT POSSIBLE,NO,No authorized vendor tenant/credentials and no human reviewer with access were provided in the workspace. This row was not manually checked; public-source verification is not an account/tenant test.,,,100,Grain,"AI, Research and Media-native",credential_access.status,"""RESTRICTED""","""RESTRICTED""","[""Using an authorized target tenant, identify which role can create or authorize the required credential and where that UI/flow exists."", ""Confirm scope, approval, expiry and plan gates; never copy passwords, API keys, OAuth codes or tokens into this file."", ""Record only non-sensitive role/path/outcome and the supporting page or administrator confirmation.""]",Direct first-party source inspection supports the recorded value; product-specific account entitlement was not tested.,https://support.grain.com/en/articles/15507288-grain-api,Grain API | Grain Support,,,,
HUMAN VERIFICATION NOT POSSIBLE,NO,No authorized vendor tenant/credentials and no human reviewer with access were provided in the workspace. This row was not manually checked; public-source verification is not an account/tenant test.,,,100,Grain,"AI, Research and Media-native",api.available,"""YES""","""YES""","[""Confirm API enablement for the actual tenant/edition/plan and the interface used by the proposed integration."", ""Check required API roles, permissions, developer tokens, rate/access level and any regional/organization gate."", ""Do not infer tenant API access from a public reference or signup page; retain UNKNOWN if the check is unavailable.""]",Direct first-party source inspection supports the recorded value; product-specific account entitlement was not tested.,https://support.grain.com/en/articles/15507288-grain-api ; https://developers.grain.com/overview.html ; https://developers.grain.com/versions.html,Grain API | Grain Support ; Overview — Grain Developers ; Versions — Grain Developers,,,,
HUMAN VERIFICATION NOT POSSIBLE,NO,No authorized vendor tenant/credentials and no human reviewer with access were provided in the workspace. This row was not manually checked; public-source verification is not an account/tenant test.,,,100,Grain,"AI, Research and Media-native",mcp.status,"""AVAILABLE""","""AVAILABLE""","[""Confirm a product-specific first-party MCP endpoint/setup guide and the target account's plan, OAuth/client, admin and tool prerequisites."", ""If availability is unknown, check first-party developer/support/repository sources and obtain an authorized product owner confirmation; an empty search is not proof of NO."", ""Test only with an authorized tenant, least privilege and non-production data; record endpoint/feature status, not secrets.""]",Direct first-party source inspection supports the recorded value; product-specific account entitlement was not tested.,https://grain.com/release-note/06-18-2025 ; https://grain.com/pricing,Grain MCP release note ; Grain Pricing,,,,
HUMAN VERIFICATION NOT POSSIBLE,NO,No authorized vendor tenant/credentials and no human reviewer with access were provided in the workspace. This row was not manually checked; public-source verification is not an account/tenant test.,,,100,Grain,"AI, Research and Media-native",buildability.verdict,"""BUILDABLE_WITH_CONSTRAINTS""","""BUILDABLE_WITH_CONSTRAINTS""","[""Re-evaluate the proposed integration against the actual tenant's API, auth, role, plan, approval, policy and operational constraints."", ""For local tooling, follow the first-party install/runtime steps in a clean, authorized environment; do not claim a build/test unless executed."", ""Record any changed blocker and evidence; do not equate public documentation with a successful tenant or package test.""]",Direct first-party source inspection supports the recorded value; product-specific account entitlement was not tested.,https://developers.grain.com/versions.html ; https://support.grain.com/en/articles/15507288-grain-api ; https://grain.com/release-note/06-18-2025,Versions — Grain Developers ; Grain API | Grain Support ; Grain MCP release note,,,,
HUMAN VERIFICATION NOT POSSIBLE,NO,No authorized vendor tenant/credentials and no human reviewer with access were provided in the workspace. This row was not manually checked; public-source verification is not an account/tenant test.,,,62,Vercel,"Developer, Infra and Data platforms",auth_methods,"[""Bearer/token"", ""OAuth 2.0""]","[""Bearer/token"", ""OAuth 2.0""]","[""Review the current first-party authentication page for the exact API/version and compare each documented method with the normalized value; public docs alone do not prove tenant policy."", ""Where the claim depends on org policy or OAuth-client enablement, confirm with an authorized administrator without creating or exposing a secret."", ""Record any missing/unsupported method and a non-sensitive official source or admin confirmation.""]",Direct first-party source inspection supports the recorded value; product-specific account entitlement was not tested.,https://vercel.com/docs/rest-api/authentication/create-an-auth-token,Create an Auth Token | Vercel REST API,,,,
HUMAN VERIFICATION NOT POSSIBLE,NO,No authorized vendor tenant/credentials and no human reviewer with access were provided in the workspace. This row was not manually checked; public-source verification is not an account/tenant test.,,,62,Vercel,"Developer, Infra and Data platforms",self_serve_status,"""SELF_SERVE_WITH_RESTRICTIONS""","""SELF_SERVE_WITH_RESTRICTIONS""","[""Confirm the current signup/trial/plan route for the intended product and region using an authorized account."", ""Check whether payment, identity verification, admin approval, partner review, a paid tier, or sales contact is required for the specific access path."", ""Distinguish product signup from API/MCP feature entitlement; record the account-specific result without payment or account changes unless authorized.""]",Direct first-party source inspection supports the recorded value; product-specific account entitlement was not tested.,https://vercel.com/pricing ; https://vercel.com/docs/agent-resources/vercel-mcp,Vercel Pricing ; Vercel MCP,,,,
HUMAN VERIFICATION NOT POSSIBLE,NO,No authorized vendor tenant/credentials and no human reviewer with access were provided in the workspace. This row was not manually checked; public-source verification is not an account/tenant test.,,,62,Vercel,"Developer, Infra and Data platforms",credential_access.status,"""SELF_SERVE""","""SELF_SERVE""","[""Using an authorized target tenant, identify which role can create or authorize the required credential and where that UI/flow exists."", ""Confirm scope, approval, expiry and plan gates; never copy passwords, API keys, OAuth codes or tokens into this file."", ""Record only non-sensitive role/path/outcome and the supporting page or administrator confirmation.""]",Direct first-party source inspection supports the recorded value; product-specific account entitlement was not tested.,https://vercel.com/docs/rest-api/authentication/create-an-auth-token ; https://vercel.com/docs/agent-resources/vercel-mcp,Create an Auth Token | Vercel REST API ; Vercel MCP,,,,
HUMAN VERIFICATION NOT POSSIBLE,NO,No authorized vendor tenant/credentials and no human reviewer with access were provided in the workspace. This row was not manually checked; public-source verification is not an account/tenant test.,,,62,Vercel,"Developer, Infra and Data platforms",api.available,"""YES""","""YES""","[""Confirm API enablement for the actual tenant/edition/plan and the interface used by the proposed integration."", ""Check required API roles, permissions, developer tokens, rate/access level and any regional/organization gate."", ""Do not infer tenant API access from a public reference or signup page; retain UNKNOWN if the check is unavailable.""]",Direct first-party source inspection supports the recorded value; product-specific account entitlement was not tested.,https://vercel.com/docs/rest-api,Vercel REST API,,,,
HUMAN VERIFICATION NOT POSSIBLE,NO,No authorized vendor tenant/credentials and no human reviewer with access were provided in the workspace. This row was not manually checked; public-source verification is not an account/tenant test.,,,62,Vercel,"Developer, Infra and Data platforms",mcp.status,"""AVAILABLE""","""AVAILABLE""","[""Confirm a product-specific first-party MCP endpoint/setup guide and the target account's plan, OAuth/client, admin and tool prerequisites."", ""If availability is unknown, check first-party developer/support/repository sources and obtain an authorized product owner confirmation; an empty search is not proof of NO."", ""Test only with an authorized tenant, least privilege and non-production data; record endpoint/feature status, not secrets.""]",Direct first-party source inspection supports the recorded value; product-specific account entitlement was not tested.,https://vercel.com/docs/agent-resources/vercel-mcp,Vercel MCP,,,,
HUMAN VERIFICATION NOT POSSIBLE,NO,No authorized vendor tenant/credentials and no human reviewer with access were provided in the workspace. This row was not manually checked; public-source verification is not an account/tenant test.,,,62,Vercel,"Developer, Infra and Data platforms",buildability.verdict,"""BUILDABLE_WITH_CONSTRAINTS""","""BUILDABLE_WITH_CONSTRAINTS""","[""Re-evaluate the proposed integration against the actual tenant's API, auth, role, plan, approval, policy and operational constraints."", ""For local tooling, follow the first-party install/runtime steps in a clean, authorized environment; do not claim a build/test unless executed."", ""Record any changed blocker and evidence; do not equate public documentation with a successful tenant or package test.""]",Direct first-party source inspection supports the recorded value; product-specific account entitlement was not tested.,https://vercel.com/docs/agent-resources/vercel-mcp,Vercel MCP,,,,
HUMAN VERIFICATION NOT POSSIBLE,NO,No authorized vendor tenant/credentials and no human reviewer with access were provided in the workspace. This row was not manually checked; public-source verification is not an account/tenant test.,,,9,Copper,CRM and Sales,auth_methods,"[""API key"", ""OAuth 2.0"", ""Bearer/token""]","[""API key"", ""OAuth 2.0"", ""Bearer/token""]","[""Review the current first-party authentication page for the exact API/version and compare each documented method with the normalized value; public docs alone do not prove tenant policy."", ""Where the claim depends on org policy or OAuth-client enablement, confirm with an authorized administrator without creating or exposing a secret."", ""Record any missing/unsupported method and a non-sensitive official source or admin confirmation.""]",Direct first-party source inspection supports the recorded value; product-specific account entitlement was not tested.,https://developer.copper.com/introduction/authentication.html,Authentication - Copper Developer API,,,,
HUMAN VERIFICATION NOT POSSIBLE,NO,No authorized vendor tenant/credentials and no human reviewer with access were provided in the workspace. This row was not manually checked; public-source verification is not an account/tenant test.,,,9,Copper,CRM and Sales,self_serve_status,"""SELF_SERVE_WITH_RESTRICTIONS""","""SELF_SERVE_WITH_RESTRICTIONS""","[""Confirm the current signup/trial/plan route for the intended product and region using an authorized account."", ""Check whether payment, identity verification, admin approval, partner review, a paid tier, or sales contact is required for the specific access path."", ""Distinguish product signup from API/MCP feature entitlement; record the account-specific result without payment or account changes unless authorized.""]",Direct first-party source inspection supports the recorded value; product-specific account entitlement was not tested.,https://www.copper.com/pricing ; https://developer.copper.com/introduction/authentication.html ; https://developer.copper.com/introduction/oauth/quickstart.html,Copper Pricing ; Authentication - Copper Developer API ; OAuth2.0 Quickstart Guide - Copper Developer API,,,,
HUMAN VERIFICATION NOT POSSIBLE,NO,No authorized vendor tenant/credentials and no human reviewer with access were provided in the workspace. This row was not manually checked; public-source verification is not an account/tenant test.,,,9,Copper,CRM and Sales,credential_access.status,"""RESTRICTED""","""RESTRICTED""","[""Using an authorized target tenant, identify which role can create or authorize the required credential and where that UI/flow exists."", ""Confirm scope, approval, expiry and plan gates; never copy passwords, API keys, OAuth codes or tokens into this file."", ""Record only non-sensitive role/path/outcome and the supporting page or administrator confirmation.""]",Direct first-party source inspection supports the recorded value; product-specific account entitlement was not tested.,https://developer.copper.com/introduction/oauth/quickstart.html ; https://developer.copper.com/introduction/authentication.html ; https://developer.copper.com/introduction/requests.html,OAuth2.0 Quickstart Guide - Copper Developer API ; Authentication - Copper Developer API ; Requests - Copper Developer API,,,,
HUMAN VERIFICATION NOT POSSIBLE,NO,No authorized vendor tenant/credentials and no human reviewer with access were provided in the workspace. This row was not manually checked; public-source verification is not an account/tenant test.,,,9,Copper,CRM and Sales,api.available,"""YES""","""YES""","[""Confirm API enablement for the actual tenant/edition/plan and the interface used by the proposed integration."", ""Check required API roles, permissions, developer tokens, rate/access level and any regional/organization gate."", ""Do not infer tenant API access from a public reference or signup page; retain UNKNOWN if the check is unavailable.""]",Direct first-party source inspection supports the recorded value; product-specific account entitlement was not tested.,https://developer.copper.com/ ; https://developer.copper.com/webhooks/overview.html,Getting started - Copper Developer API ; Overview - Copper Developer API,,,,
HUMAN VERIFICATION NOT POSSIBLE,NO,No authorized vendor tenant/credentials and no human reviewer with access were provided in the workspace. This row was not manually checked; public-source verification is not an account/tenant test.,,,9,Copper,CRM and Sales,mcp.status,"""UNKNOWN""","""UNKNOWN""","[""Confirm a product-specific first-party MCP endpoint/setup guide and the target account's plan, OAuth/client, admin and tool prerequisites."", ""If availability is unknown, check first-party developer/support/repository sources and obtain an authorized product owner confirmation; an empty search is not proof of NO."", ""Test only with an authorized tenant, least privilege and non-production data; record endpoint/feature status, not secrets."", ""Keep MCP UNKNOWN unless Copper first-party product documentation or an authorized Copper owner confirms a product-specific MCP; lack of a search result is not NO.""]",Copper's official REST/auth/webhook sources and a targeted official-domain MCP search did not establish MCP ownership or absence. Keep UNKNOWN rather than converting a bounded search into NOT_FOUND.,https://developer.copper.com/ ; https://developer.copper.com/webhooks/overview.html,Getting started - Copper Developer API ; Overview - Copper Developer API,,,,
HUMAN VERIFICATION NOT POSSIBLE,NO,No authorized vendor tenant/credentials and no human reviewer with access were provided in the workspace. This row was not manually checked; public-source verification is not an account/tenant test.,,,9,Copper,CRM and Sales,buildability.verdict,"""BUILDABLE_WITH_CONSTRAINTS""","""BUILDABLE_WITH_CONSTRAINTS""","[""Re-evaluate the proposed integration against the actual tenant's API, auth, role, plan, approval, policy and operational constraints."", ""For local tooling, follow the first-party install/runtime steps in a clean, authorized environment; do not claim a build/test unless executed."", ""Record any changed blocker and evidence; do not equate public documentation with a successful tenant or package test.""]",Direct first-party source inspection supports the recorded value; product-specific account entitlement was not tested.,https://developer.copper.com/introduction/oauth/quickstart.html ; https://developer.copper.com/webhooks/overview.html ; https://www.copper.com/pricing,OAuth2.0 Quickstart Guide - Copper Developer API ; Overview - Copper Developer API ; Copper Pricing,,,,
